,Id,IndicatorCode,SpatialDimType,SpatialDim,ParentLocationCode,TimeDimType,ParentLocation,Dim1Type,Dim1,TimeDim,Dim2Type,Dim2,Dim3Type,Dim3,DataSourceDimType,DataSourceDim,Value,NumericValue,Low,High,Comments,Date,TimeDimensionValue,TimeDimensionBegin,TimeDimensionEnd,IndicatorName
0,550655,RSUD_1,COUNTRY,CMR,AFR,YEAR,Africa,SEX,SEX_FMLE,2004,,,,,,,0.18,0.18,,,,2013-06-11T14:15:34+02:00,2004,2004-01-01T00:00:00+01:00,2004-12-31T00:00:00+01:00,"Point prevalence (%), alcohol use disorders, 15+ years"
1,6128208,RSUD_1,COUNTRY,NZL,WPR,YEAR,Western Pacific,SEX,SEX_MLE,2004,,,,,,,3.50,3.5,,,,2013-06-11T14:15:34+02:00,2004,2004-01-01T00:00:00+01:00,2004-12-31T00:00:00+01:00,"Point prevalence (%), alcohol use disorders, 15+ years"
2,5026760,RSUD_1,COUNTRY,CHN,WPR,YEAR,Western Pacific,SEX,SEX_MLE,2004,,,,,,,6.90,6.9,,,,2013-06-11T14:15:34+02:00,2004,2004-01-01T00:00:00+01:00,2004-12-31T00:00:00+01:00,"Point prevalence (%), alcohol use disorders, 15+ years"
3,8865610,RSUD_1,COUNTRY,CHL,AMR,YEAR,Americas,SEX,SEX_FMLE,2004,,,,,,,1.39,1.39,,,,2013-06-11T14:15:34+02:00,2004,2004-01-01T00:00:00+01:00,2004-12-31T00:00:00+01:00,"Point prevalence (%), alcohol use disorders, 15+ years"
4,6508820,RSUD_1,COUNTRY,CMR,AFR,YEAR,Africa,SEX,SEX_MLE,2004,,,,,,,1.64,1.64,,,,2013-06-11T14:15:34+02:00,2004,2004-01-01T00:00:00+01:00,2004-12-31T00:00:00+01:00,"Point prevalence (%), alcohol use disorders, 15+ years"
5,2199455,RSUD_1,COUNTRY,LSO,AFR,YEAR,Africa,SEX,SEX_FMLE,2004,,,,,,,0.15,0.15,,,,2013-06-11T14:15:34+02:00,2004,2004-01-01T00:00:00+01:00,2004-12-31T00:00:00+01:00,"Point prevalence (%), alcohol use disorders, 15+ years"
6,1005021,RSUD_1,COUNTRY,KWT,EMR,YEAR,Eastern Mediterranean,SEX,SEX_FMLE,2004,,,,,,,0.00,0.0,,,,2013-06-11T14:15:34+02:00,2004,2004-01-01T00:00:00+01:00,2004-12-31T00:00:00+01:00,"Point prevalence (%), alcohol use disorders, 15+ years"
7,1112710,RSUD_1,COUNTRY,BFA,AFR,YEAR,Africa,SEX,SEX_MLE,2004,,,,,,,1.90,1.9,,,,2013-06-11T14:15:34+02:00,2004,2004-01-01T00:00:00+01:00,2004-12-31T00:00:00+01:00,"Point prevalence (%), alcohol use disorders, 15+ years"
8,8789475,RSUD_1,COUNTRY,NLD,EUR,YEAR,Europe,SEX,SEX_FMLE,2004,,,,,,,0.81,0.81,,,,2013-06-11T14:15:34+02:00,2004,2004-01-01T00:00:00+01:00,2004-12-31T00:00:00+01:00,"Point prevalence (%), alcohol use disorders, 15+ years"
9,7212269,RSUD_1,COUNTRY,MLT,EUR,YEAR,Europe,SEX,SEX_MLE,2004,,,,,,,2.55,2.55,,,,2013-06-11T14:15:34+02:00,2004,2004-01-01T00:00:00+01:00,2004-12-31T00:00:00+01:00,"Point prevalence (%), alcohol use disorders, 15+ years"
10,4824836,RSUD_1,COUNTRY,IRL,EUR,YEAR,Europe,SEX,SEX_FMLE,2004,,,,,,,1.19,1.19,,,,2013-06-11T14:15:34+02:00,2004,2004-01-01T00:00:00+01:00,2004-12-31T00:00:00+01:00,"Point prevalence (%), alcohol use disorders, 15+ years"
11,8258482,RSUD_1,COUNTRY,PNG,WPR,YEAR,Western Pacific,SEX,SEX_FMLE,2004,,,,,,,0.13,0.13,,,,2013-06-11T14:15:34+02:00,2004,2004-01-01T00:00:00+01:00,2004-12-31T00:00:00+01:00,"Point prevalence (%), alcohol use disorders, 15+ years"
12,221772,RSUD_1,COUNTRY,VNM,WPR,YEAR,Western Pacific,SEX,SEX_FMLE,2004,,,,,,,0.14,0.14,,,,2013-06-11T14:15:34+02:00,2004,2004-01-01T00:00:00+01:00,2004-12-31T00:00:00+01:00,"Point prevalence (%), alcohol use disorders, 15+ years"
13,5887347,RSUD_1,COUNTRY,BHR,EMR,YEAR,Eastern Mediterranean,SEX,SEX_FMLE,2004,,,,,,,0.00,0.0,,,,2013-06-11T14:15:34+02:00,2004,2004-01-01T00:00:00+01:00,2004-12-31T00:00:00+01:00,"Point prevalence (%), alcohol use disorders, 15+ years"
14,1036548,RSUD_1,COUNTRY,STP,AFR,YEAR,Africa,SEX,SEX_MLE,2004,,,,,,,2.13,2.13,,,,2013-06-11T14:15:34+02:00,2004,2004-01-01T00:00:00+01:00,2004-12-31T00:00:00+01:00,"Point prevalence (%), alcohol use disorders, 15+ years"
15,9745634,RSUD_1,COUNTRY,COL,AMR,YEAR,Americas,SEX,SEX_FMLE,2004,,,,,,,2.55,2.55,,,,2013-06-11T14:15:34+02:00,2004,2004-01-01T00:00:00+01:00,2004-12-31T00:00:00+01:00,"Point prevalence (%), alcohol use disorders, 15+ years"
16,4875366,RSUD_1,COUNTRY,DNK,EUR,YEAR,Europe,SEX,SEX_MLE,2004,,,,,,,4.12,4.12,,,,2013-06-11T14:15:34+02:00,2004,2004-01-01T00:00:00+01:00,2004-12-31T00:00:00+01:00,"Point prevalence (%), alcohol use disorders, 15+ years"
17,3268103,RSUD_1,COUNTRY,GBR,EUR,YEAR,Europe,SEX,SEX_FMLE,2004,,,,,,,1.52,1.52,,,,2013-06-11T14:15:34+02:00,2004,2004-01-01T00:00:00+01:00,2004-12-31T00:00:00+01:00,"Point prevalence (%), alcohol use disorders, 15+ years"
18,1365587,RSUD_1,COUNTRY,LCA,AMR,YEAR,Americas,SEX,SEX_FMLE,2004,,,,,,,1.49,1.49,,,,2013-06-11T14:15:34+02:00,2004,2004-01-01T00:00:00+01:00,2004-12-31T00:00:00+01:00,"Point prevalence (%), alcohol use disorders, 15+ years"
19,4121566,RSUD_1,COUNTRY,ERI,AFR,YEAR,Africa,SEX,SEX_FMLE,2004,,,,,,,0.06,0.06,,,,2013-06-11T14:15:34+02:00,2004,2004-01-01T00:00:00+01:00,2004-12-31T00:00:00+01:00,"Point prevalence (%), alcohol use disorders, 15+ years"
20,6439244,RSUD_1,COUNTRY,COD,AFR,YEAR,Africa,SEX,SEX_MLE,2004,,,,,,,0.99,0.99,,,,2013-06-11T14:15:34+02:00,2004,2004-01-01T00:00:00+01:00,2004-12-31T00:00:00+01:00,"Point prevalence (%), alcohol use disorders, 15+ years"
21,2167877,RSUD_1,COUNTRY,EGY,EMR,YEAR,Eastern Mediterranean,SEX,SEX_FMLE,2004,,,,,,,0.00,0.0,,,,2013-06-11T14:15:34+02:00,2004,2004-01-01T00:00:00+01:00,2004-12-31T00:00:00+01:00,"Point prevalence (%), alcohol use disorders, 15+ years"
22,6705490,RSUD_1,COUNTRY,MRT,AFR,YEAR,Africa,SEX,SEX_FMLE,2004,,,,,,,0.00,0.0,,,,2013-06-11T14:15:34+02:00,2004,2004-01-01T00:00:00+01:00,2004-12-31T00:00:00+01:00,"Point prevalence (%), alcohol use disorders, 15+ years"
23,9030220,RSUD_1,COUNTRY,FIN,EUR,YEAR,Europe,SEX,SEX_FMLE,2004,,,,,,,1.17,1.17,,,,2013-06-11T14:15:34+02:00,2004,2004-01-01T00:00:00+01:00,2004-12-31T00:00:00+01:00,"Point prevalence (%), alcohol use disorders, 15+ years"
24,7580304,RSUD_1,COUNTRY,LKA,SEAR,YEAR,South-East Asia,SEX,SEX_FMLE,2004,,,,,,,0.44,0.44,,,,2013-06-11T14:15:34+02:00,2004,2004-01-01T00:00:00+01:00,2004-12-31T00:00:00+01:00,"Point prevalence (%), alcohol use disorders, 15+ years"
25,4324457,RSUD_1,COUNTRY,UZB,EUR,YEAR,Europe,SEX,SEX_FMLE,2004,,,,,,,0.23,0.23,,,,2013-06-11T14:15:34+02:00,2004,2004-01-01T00:00:00+01:00,2004-12-31T00:00:00+01:00,"Point prevalence (%), alcohol use disorders, 15+ years"
26,9777402,RSUD_1,COUNTRY,DEU,EUR,YEAR,Europe,SEX,SEX_FMLE,2004,,,,,,,0.88,0.88,,,,2013-06-11T14:15:34+02:00,2004,2004-01-01T00:00:00+01:00,2004-12-31T00:00:00+01:00,"Point prevalence (%), alcohol use disorders, 15+ years"
27,386605,RSUD_1,COUNTRY,RWA,AFR,YEAR,Africa,SEX,SEX_FMLE,2004,,,,,,,0.25,0.25,,,,2013-06-11T14:15:34+02:00,2004,2004-01-01T00:00:00+01:00,2004-12-31T00:00:00+01:00,"Point prevalence (%), alcohol use disorders, 15+ years"
28,7352051,RSUD_1,COUNTRY,BGD,SEAR,YEAR,South-East Asia,SEX,SEX_FMLE,2004,,,,,,,0.08,0.08,,,,2013-06-11T14:15:34+02:00,2004,2004-01-01T00:00:00+01:00,2004-12-31T00:00:00+01:00,"Point prevalence (%), alcohol use disorders, 15+ years"
29,2345564,RSUD_1,COUNTRY,FJI,WPR,YEAR,Western Pacific,SEX,SEX_FMLE,2004,,,,,,,0.14,0.14,,,,2013-06-11T14:15:34+02:00,2004,2004-01-01T00:00:00+01:00,2004-12-31T00:00:00+01:00,"Point prevalence (%), alcohol use disorders, 15+ years"
30,6597835,RSUD_1,COUNTRY,QAT,EMR,YEAR,Eastern Mediterranean,SEX,SEX_FMLE,2004,,,,,,,0.00,0.0,,,,2013-06-11T14:15:34+02:00,2004,2004-01-01T00:00:00+01:00,2004-12-31T00:00:00+01:00,"Point prevalence (%), alcohol use disorders, 15+ years"
31,6623118,RSUD_1,COUNTRY,CYP,EUR,YEAR,Europe,SEX,SEX_MLE,2004,,,,,,,2.90,2.9,,,,2013-06-11T14:15:34+02:00,2004,2004-01-01T00:00:00+01:00,2004-12-31T00:00:00+01:00,"Point prevalence (%), alcohol use disorders, 15+ years"
32,8815234,RSUD_1,COUNTRY,VCT,AMR,YEAR,Americas,SEX,SEX_MLE,2004,,,,,,,6.48,6.48,,,,2013-06-11T14:15:34+02:00,2004,2004-01-01T00:00:00+01:00,2004-12-31T00:00:00+01:00,"Point prevalence (%), alcohol use disorders, 15+ years"
33,6287260,RSUD_1,COUNTRY,PHL,WPR,YEAR,Western Pacific,SEX,SEX_MLE,2004,,,,,,,7.95,7.95,,,,2013-06-11T14:15:34+02:00,2004,2004-01-01T00:00:00+01:00,2004-12-31T00:00:00+01:00,"Point prevalence (%), alcohol use disorders, 15+ years"
34,7206394,RSUD_1,COUNTRY,SGP,WPR,YEAR,Western Pacific,SEX,SEX_FMLE,2004,,,,,,,0.19,0.19,,,,2013-06-11T14:15:34+02:00,2004,2004-01-01T00:00:00+01:00,2004-12-31T00:00:00+01:00,"Point prevalence (%), alcohol use disorders, 15+ years"
35,7732590,RSUD_1,COUNTRY,TON,WPR,YEAR,Western Pacific,SEX,SEX_FMLE,2004,,,,,,,0.06,0.06,,,,2013-06-11T14:15:34+02:00,2004,2004-01-01T00:00:00+01:00,2004-12-31T00:00:00+01:00,"Point prevalence (%), alcohol use disorders, 15+ years"
36,8517788,RSUD_1,COUNTRY,AZE,EUR,YEAR,Europe,SEX,SEX_MLE,2004,,,,,,,3.45,3.45,,,,2013-06-11T14:15:34+02:00,2004,2004-01-01T00:00:00+01:00,2004-12-31T00:00:00+01:00,"Point prevalence (%), alcohol use disorders, 15+ years"
37,2408448,RSUD_1,COUNTRY,MKD,EUR,YEAR,Europe,SEX,SEX_MLE,2004,,,,,,,3.35,3.35,,,,2013-06-11T14:15:34+02:00,2004,2004-01-01T00:00:00+01:00,2004-12-31T00:00:00+01:00,"Point prevalence (%), alcohol use disorders, 15+ years"
38,1290349,RSUD_1,COUNTRY,KEN,AFR,YEAR,Africa,SEX,SEX_MLE,2004,,,,,,,1.47,1.47,,,,2013-06-11T14:15:34+02:00,2004,2004-01-01T00:00:00+01:00,2004-12-31T00:00:00+01:00,"Point prevalence (%), alcohol use disorders, 15+ years"
39,8650512,RSUD_1,COUNTRY,CHE,EUR,YEAR,Europe,SEX,SEX_FMLE,2004,,,,,,,0.87,0.87,,,,2013-06-11T14:15:34+02:00,2004,2004-01-01T00:00:00+01:00,2004-12-31T00:00:00+01:00,"Point prevalence (%), alcohol use disorders, 15+ years"
40,6325548,RSUD_1,COUNTRY,MOZ,AFR,YEAR,Africa,SEX,SEX_FMLE,2004,,,,,,,0.08,0.08,,,,2013-06-11T14:15:34+02:00,2004,2004-01-01T00:00:00+01:00,2004-12-31T00:00:00+01:00,"Point prevalence (%), alcohol use disorders, 15+ years"
41,4768272,RSUD_1,COUNTRY,VNM,WPR,YEAR,Western Pacific,SEX,SEX_MLE,2004,,,,,,,4.13,4.13,,,,2013-06-11T14:15:34+02:00,2004,2004-01-01T00:00:00+01:00,2004-12-31T00:00:00+01:00,"Point prevalence (%), alcohol use disorders, 15+ years"
42,6566267,RSUD_1,COUNTRY,KNA,AMR,YEAR,Americas,SEX,SEX_FMLE,2004,,,,,,,1.27,1.27,,,,2013-06-11T14:15:34+02:00,2004,2004-01-01T00:00:00+01:00,2004-12-31T00:00:00+01:00,"Point prevalence (%), alcohol use disorders, 15+ years"
43,8461430,RSUD_1,COUNTRY,BHS,AMR,YEAR,Americas,SEX,SEX_MLE,2004,,,,,,,8.72,8.72,,,,2013-06-11T14:15:34+02:00,2004,2004-01-01T00:00:00+01:00,2004-12-31T00:00:00+01:00,"Point prevalence (%), alcohol use disorders, 15+ years"
44,1246099,RSUD_1,COUNTRY,BLZ,AMR,YEAR,Americas,SEX,SEX_FMLE,2004,,,,,,,1.34,1.34,,,,2013-06-11T14:15:34+02:00,2004,2004-01-01T00:00:00+01:00,2004-12-31T00:00:00+01:00,"Point prevalence (%), alcohol use disorders, 15+ years"
45,6351031,RSUD_1,COUNTRY,TGO,AFR,YEAR,Africa,SEX,SEX_MLE,2004,,,,,,,0.60,0.6,,,,2013-06-11T14:15:34+02:00,2004,2004-01-01T00:00:00+01:00,2004-12-31T00:00:00+01:00,"Point prevalence (%), alcohol use disorders, 15+ years"
46,51066,RSUD_1,COUNTRY,SMR,EUR,YEAR,Europe,SEX,SEX_MLE,2004,,,,,,,3.22,3.22,,,,2013-06-11T14:15:34+02:00,2004,2004-01-01T00:00:00+01:00,2004-12-31T00:00:00+01:00,"Point prevalence (%), alcohol use disorders, 15+ years"
47,4812786,RSUD_1,COUNTRY,TUN,EMR,YEAR,Eastern Mediterranean,SEX,SEX_MLE,2004,,,,,,,0.73,0.73,,,,2013-06-11T14:15:34+02:00,2004,2004-01-01T00:00:00+01:00,2004-12-31T00:00:00+01:00,"Point prevalence (%), alcohol use disorders, 15+ years"
48,8315893,RSUD_1,COUNTRY,VUT,WPR,YEAR,Western Pacific,SEX,SEX_FMLE,2004,,,,,,,0.06,0.06,,,,2013-06-11T14:15:34+02:00,2004,2004-01-01T00:00:00+01:00,2004-12-31T00:00:00+01:00,"Point prevalence (%), alcohol use disorders, 15+ years"
49,1915754,RSUD_1,COUNTRY,ZAF,AFR,YEAR,Africa,SEX,SEX_MLE,2004,,,,,,,3.64,3.64,,,,2013-06-11T14:15:34+02:00,2004,2004-01-01T00:00:00+01:00,2004-12-31T00:00:00+01:00,"Point prevalence (%), alcohol use disorders, 15+ years"
50,2472103,RSUD_1,COUNTRY,JAM,AMR,YEAR,Americas,SEX,SEX_FMLE,2004,,,,,,,0.41,0.41,,,,2013-06-11T14:15:34+02:00,2004,2004-01-01T00:00:00+01:00,2004-12-31T00:00:00+01:00,"Point prevalence (%), alcohol use disorders, 15+ years"
51,6230485,RSUD_1,COUNTRY,SYR,EMR,YEAR,Eastern Mediterranean,SEX,SEX_FMLE,2004,,,,,,,0.00,0.0,,,,2013-06-11T14:15:34+02:00,2004,2004-01-01T00:00:00+01:00,2004-12-31T00:00:00+01:00,"Point prevalence (%), alcohol use disorders, 15+ years"
52,8297124,RSUD_1,COUNTRY,YEM,EMR,YEAR,Eastern Mediterranean,SEX,SEX_FMLE,2004,,,,,,,0.00,0.0,,,,2013-06-11T14:15:34+02:00,2004,2004-01-01T00:00:00+01:00,2004-12-31T00:00:00+01:00,"Point prevalence (%), alcohol use disorders, 15+ years"
53,7041937,RSUD_1,COUNTRY,ARM,EUR,YEAR,Europe,SEX,SEX_FMLE,2004,,,,,,,0.22,0.22,,,,2013-06-11T14:15:34+02:00,2004,2004-01-01T00:00:00+01:00,2004-12-31T00:00:00+01:00,"Point prevalence (%), alcohol use disorders, 15+ years"
54,9664812,RSUD_1,COUNTRY,PAK,EMR,YEAR,Eastern Mediterranean,SEX,SEX_FMLE,2004,,,,,,,0.12,0.12,,,,2013-06-11T14:15:34+02:00,2004,2004-01-01T00:00:00+01:00,2004-12-31T00:00:00+01:00,"Point prevalence (%), alcohol use disorders, 15+ years"
55,5932191,RSUD_1,COUNTRY,SLB,WPR,YEAR,Western Pacific,SEX,SEX_FMLE,2004,,,,,,,0.06,0.06,,,,2013-06-11T14:15:34+02:00,2004,2004-01-01T00:00:00+01:00,2004-12-31T00:00:00+01:00,"Point prevalence (%), alcohol use disorders, 15+ years"
56,1214562,RSUD_1,COUNTRY,MWI,AFR,YEAR,Africa,SEX,SEX_MLE,2004,,,,,,,0.66,0.66,,,,2013-06-11T14:15:34+02:00,2004,2004-01-01T00:00:00+01:00,2004-12-31T00:00:00+01:00,"Point prevalence (%), alcohol use disorders, 15+ years"
57,5255226,RSUD_1,COUNTRY,JPN,WPR,YEAR,Western Pacific,SEX,SEX_MLE,2004,,,,,,,2.25,2.25,,,,2013-06-11T14:15:34+02:00,2004,2004-01-01T00:00:00+01:00,2004-12-31T00:00:00+01:00,"Point prevalence (%), alcohol use disorders, 15+ years"
58,1480501,RSUD_1,COUNTRY,MCO,EUR,YEAR,Europe,SEX,SEX_MLE,2004,,,,,,,4.11,4.11,,,,2013-06-11T14:15:34+02:00,2004,2004-01-01T00:00:00+01:00,2004-12-31T00:00:00+01:00,"Point prevalence (%), alcohol use disorders, 15+ years"
59,8297334,RSUD_1,COUNTRY,TKM,EUR,YEAR,Europe,SEX,SEX_MLE,2004,,,,,,,1.51,1.51,,,,2013-06-11T14:15:34+02:00,2004,2004-01-01T00:00:00+01:00,2004-12-31T00:00:00+01:00,"Point prevalence (%), alcohol use disorders, 15+ years"
60,2168669,RSUD_1,COUNTRY,GNB,AFR,YEAR,Africa,SEX,SEX_MLE,2004,,,,,,,1.10,1.1,,,,2013-06-11T14:15:34+02:00,2004,2004-01-01T00:00:00+01:00,2004-12-31T00:00:00+01:00,"Point prevalence (%), alcohol use disorders, 15+ years"
61,4084549,RSUD_1,COUNTRY,GBR,EUR,YEAR,Europe,SEX,SEX_MLE,2004,,,,,,,6.42,6.42,,,,2013-06-11T14:15:34+02:00,2004,2004-01-01T00:00:00+01:00,2004-12-31T00:00:00+01:00,"Point prevalence (%), alcohol use disorders, 15+ years"
62,4109728,RSUD_1,COUNTRY,LBY,EMR,YEAR,Eastern Mediterranean,SEX,SEX_MLE,2004,,,,,,,0.05,0.05,,,,2013-06-11T14:15:34+02:00,2004,2004-01-01T00:00:00+01:00,2004-12-31T00:00:00+01:00,"Point prevalence (%), alcohol use disorders, 15+ years"
63,1081997,RSUD_1,COUNTRY,CHE,EUR,YEAR,Europe,SEX,SEX_MLE,2004,,,,,,,3.71,3.71,,,,2013-06-11T14:15:34+02:00,2004,2004-01-01T00:00:00+01:00,2004-12-31T00:00:00+01:00,"Point prevalence (%), alcohol use disorders, 15+ years"
64,6788760,RSUD_1,COUNTRY,KHM,WPR,YEAR,Western Pacific,SEX,SEX_MLE,2004,,,,,,,3.35,3.35,,,,2013-06-11T14:15:34+02:00,2004,2004-01-01T00:00:00+01:00,2004-12-31T00:00:00+01:00,"Point prevalence (%), alcohol use disorders, 15+ years"
65,501252,RSUD_1,COUNTRY,TKM,EUR,YEAR,Europe,SEX,SEX_FMLE,2004,,,,,,,0.17,0.17,,,,2013-06-11T14:15:34+02:00,2004,2004-01-01T00:00:00+01:00,2004-12-31T00:00:00+01:00,"Point prevalence (%), alcohol use disorders, 15+ years"
66,8651090,RSUD_1,COUNTRY,PRK,SEAR,YEAR,South-East Asia,SEX,SEX_FMLE,2004,,,,,,,0.15,0.15,,,,2013-06-11T14:15:34+02:00,2004,2004-01-01T00:00:00+01:00,2004-12-31T00:00:00+01:00,"Point prevalence (%), alcohol use disorders, 15+ years"
67,9164467,RSUD_1,COUNTRY,IRQ,EMR,YEAR,Eastern Mediterranean,SEX,SEX_FMLE,2004,,,,,,,0.00,0.0,,,,2013-06-11T14:15:34+02:00,2004,2004-01-01T00:00:00+01:00,2004-12-31T00:00:00+01:00,"Point prevalence (%), alcohol use disorders, 15+ years"
68,9151781,RSUD_1,COUNTRY,THA,SEAR,YEAR,South-East Asia,SEX,SEX_FMLE,2004,,,,,,,0.99,0.99,,,,2013-06-11T14:15:34+02:00,2004,2004-01-01T00:00:00+01:00,2004-12-31T00:00:00+01:00,"Point prevalence (%), alcohol use disorders, 15+ years"
69,4591229,RSUD_1,COUNTRY,MUS,AFR,YEAR,Africa,SEX,SEX_FMLE,2004,,,,,,,0.13,0.13,,,,2013-06-11T14:15:34+02:00,2004,2004-01-01T00:00:00+01:00,2004-12-31T00:00:00+01:00,"Point prevalence (%), alcohol use disorders, 15+ years"
70,8531258,RSUD_1,COUNTRY,GRD,AMR,YEAR,Americas,SEX,SEX_MLE,2004,,,,,,,6.03,6.03,,,,2013-06-11T14:15:34+02:00,2004,2004-01-01T00:00:00+01:00,2004-12-31T00:00:00+01:00,"Point prevalence (%), alcohol use disorders, 15+ years"
71,5419675,RSUD_1,COUNTRY,FJI,WPR,YEAR,Western Pacific,SEX,SEX_MLE,2004,,,,,,,4.26,4.26,,,,2013-06-11T14:15:34+02:00,2004,2004-01-01T00:00:00+01:00,2004-12-31T00:00:00+01:00,"Point prevalence (%), alcohol use disorders, 15+ years"
72,9190009,RSUD_1,COUNTRY,NGA,AFR,YEAR,Africa,SEX,SEX_MLE,2004,,,,,,,1.95,1.95,,,,2013-06-11T14:15:34+02:00,2004,2004-01-01T00:00:00+01:00,2004-12-31T00:00:00+01:00,"Point prevalence (%), alcohol use disorders, 15+ years"
73,1575822,RSUD_1,COUNTRY,ALB,EUR,YEAR,Europe,SEX,SEX_MLE,2004,,,,,,,2.72,2.72,,,,2013-06-11T14:15:34+02:00,2004,2004-01-01T00:00:00+01:00,2004-12-31T00:00:00+01:00,"Point prevalence (%), alcohol use disorders, 15+ years"
74,4597649,RSUD_1,COUNTRY,DEU,EUR,YEAR,Europe,SEX,SEX_MLE,2004,,,,,,,4.51,4.51,,,,2013-06-11T14:15:34+02:00,2004,2004-01-01T00:00:00+01:00,2004-12-31T00:00:00+01:00,"Point prevalence (%), alcohol use disorders, 15+ years"
75,1639472,RSUD_1,COUNTRY,IDN,SEAR,YEAR,South-East Asia,SEX,SEX_MLE,2004,,,,,,,1.95,1.95,,,,2013-06-11T14:15:34+02:00,2004,2004-01-01T00:00:00+01:00,2004-12-31T00:00:00+01:00,"Point prevalence (%), alcohol use disorders, 15+ years"
76,9885938,RSUD_1,COUNTRY,BEL,EUR,YEAR,Europe,SEX,SEX_FMLE,2004,,,,,,,0.84,0.84,,,,2013-06-11T14:15:34+02:00,2004,2004-01-01T00:00:00+01:00,2004-12-31T00:00:00+01:00,"Point prevalence (%), alcohol use disorders, 15+ years"
77,7568774,RSUD_1,COUNTRY,SVK,EUR,YEAR,Europe,SEX,SEX_FMLE,2004,,,,,,,0.93,0.93,,,,2013-06-11T14:15:34+02:00,2004,2004-01-01T00:00:00+01:00,2004-12-31T00:00:00+01:00,"Point prevalence (%), alcohol use disorders, 15+ years"
78,6801590,RSUD_1,COUNTRY,ZWE,AFR,YEAR,Africa,SEX,SEX_MLE,2004,,,,,,,2.62,2.62,,,,2013-06-11T14:15:34+02:00,2004,2004-01-01T00:00:00+01:00,2004-12-31T00:00:00+01:00,"Point prevalence (%), alcohol use disorders, 15+ years"
79,1107778,RSUD_1,COUNTRY,MKD,EUR,YEAR,Europe,SEX,SEX_FMLE,2004,,,,,,,0.80,0.8,,,,2013-06-11T14:15:34+02:00,2004,2004-01-01T00:00:00+01:00,2004-12-31T00:00:00+01:00,"Point prevalence (%), alcohol use disorders, 15+ years"
80,4458267,RSUD_1,COUNTRY,SUR,AMR,YEAR,Americas,SEX,SEX_FMLE,2004,,,,,,,1.09,1.09,,,,2013-06-11T14:15:34+02:00,2004,2004-01-01T00:00:00+01:00,2004-12-31T00:00:00+01:00,"Point prevalence (%), alcohol use disorders, 15+ years"
81,2371682,RSUD_1,COUNTRY,JAM,AMR,YEAR,Americas,SEX,SEX_MLE,2004,,,,,,,2.90,2.9,,,,2013-06-11T14:15:34+02:00,2004,2004-01-01T00:00:00+01:00,2004-12-31T00:00:00+01:00,"Point prevalence (%), alcohol use disorders, 15+ years"
82,7099840,RSUD_1,COUNTRY,POL,EUR,YEAR,Europe,SEX,SEX_FMLE,2004,,,,,,,1.05,1.05,,,,2013-06-11T14:15:34+02:00,2004,2004-01-01T00:00:00+01:00,2004-12-31T00:00:00+01:00,"Point prevalence (%), alcohol use disorders, 15+ years"
83,4091177,RSUD_1,COUNTRY,SOM,EMR,YEAR,Eastern Mediterranean,SEX,SEX_FMLE,2004,,,,,,,0.03,0.03,,,,2013-06-11T14:15:34+02:00,2004,2004-01-01T00:00:00+01:00,2004-12-31T00:00:00+01:00,"Point prevalence (%), alcohol use disorders, 15+ years"
84,5381850,RSUD_1,COUNTRY,BLZ,AMR,YEAR,Americas,SEX,SEX_MLE,2004,,,,,,,6.91,6.91,,,,2013-06-11T14:15:34+02:00,2004,2004-01-01T00:00:00+01:00,2004-12-31T00:00:00+01:00,"Point prevalence (%), alcohol use disorders, 15+ years"
85,2637573,RSUD_1,COUNTRY,KOR,WPR,YEAR,Western Pacific,SEX,SEX_MLE,2004,,,,,,,13.10,13.1,,,,2013-06-11T14:15:34+02:00,2004,2004-01-01T00:00:00+01:00,2004-12-31T00:00:00+01:00,"Point prevalence (%), alcohol use disorders, 15+ years"
86,9462656,RSUD_1,COUNTRY,CHL,AMR,YEAR,Americas,SEX,SEX_MLE,2004,,,,,,,6.67,6.67,,,,2013-06-11T14:15:34+02:00,2004,2004-01-01T00:00:00+01:00,2004-12-31T00:00:00+01:00,"Point prevalence (%), alcohol use disorders, 15+ years"
87,1487516,RSUD_1,COUNTRY,VUT,WPR,YEAR,Western Pacific,SEX,SEX_MLE,2004,,,,,,,1.93,1.93,,,,2013-06-11T14:15:34+02:00,2004,2004-01-01T00:00:00+01:00,2004-12-31T00:00:00+01:00,"Point prevalence (%), alcohol use disorders, 15+ years"
88,766765,RSUD_1,COUNTRY,BGR,EUR,YEAR,Europe,SEX,SEX_MLE,2004,,,,,,,3.87,3.87,,,,2013-06-11T14:15:34+02:00,2004,2004-01-01T00:00:00+01:00,2004-12-31T00:00:00+01:00,"Point prevalence (%), alcohol use disorders, 15+ years"
89,804601,RSUD_1,COUNTRY,MOZ,AFR,YEAR,Africa,SEX,SEX_MLE,2004,,,,,,,0.72,0.72,,,,2013-06-11T14:15:34+02:00,2004,2004-01-01T00:00:00+01:00,2004-12-31T00:00:00+01:00,"Point prevalence (%), alcohol use disorders, 15+ years"
90,728720,RSUD_1,COUNTRY,MYS,WPR,YEAR,Western Pacific,SEX,SEX_FMLE,2004,,,,,,,0.42,0.42,,,,2013-06-11T14:15:34+02:00,2004,2004-01-01T00:00:00+01:00,2004-12-31T00:00:00+01:00,"Point prevalence (%), alcohol use disorders, 15+ years"
91,7201399,RSUD_1,COUNTRY,NIC,AMR,YEAR,Americas,SEX,SEX_MLE,2004,,,,,,,3.75,3.75,,,,2013-06-11T14:15:34+02:00,2004,2004-01-01T00:00:00+01:00,2004-12-31T00:00:00+01:00,"Point prevalence (%), alcohol use disorders, 15+ years"
92,5344051,RSUD_1,COUNTRY,BOL,AMR,YEAR,Americas,SEX,SEX_FMLE,2004,,,,,,,0.98,0.98,,,,2013-06-11T14:15:34+02:00,2004,2004-01-01T00:00:00+01:00,2004-12-31T00:00:00+01:00,"Point prevalence (%), alcohol use disorders, 15+ years"
93,2688199,RSUD_1,COUNTRY,CIV,AFR,YEAR,Africa,SEX,SEX_MLE,2004,,,,,,,0.80,0.8,,,,2013-06-11T14:15:34+02:00,2004,2004-01-01T00:00:00+01:00,2004-12-31T00:00:00+01:00,"Point prevalence (%), alcohol use disorders, 15+ years"
94,2985093,RSUD_1,COUNTRY,ZAF,AFR,YEAR,Africa,SEX,SEX_FMLE,2004,,,,,,,0.88,0.88,,,,2013-06-11T14:15:34+02:00,2004,2004-01-01T00:00:00+01:00,2004-12-31T00:00:00+01:00,"Point prevalence (%), alcohol use disorders, 15+ years"
95,5597557,RSUD_1,COUNTRY,GIN,AFR,YEAR,Africa,SEX,SEX_FMLE,2004,,,,,,,0.02,0.02,,,,2013-06-11T14:15:34+02:00,2004,2004-01-01T00:00:00+01:00,2004-12-31T00:00:00+01:00,"Point prevalence (%), alcohol use disorders, 15+ years"
96,6523270,RSUD_1,COUNTRY,TLS,SEAR,YEAR,South-East Asia,SEX,SEX_FMLE,2004,,,,,,,0.25,0.25,,,,2013-06-11T14:15:34+02:00,2004,2004-01-01T00:00:00+01:00,2004-12-31T00:00:00+01:00,"Point prevalence (%), alcohol use disorders, 15+ years"
97,8525369,RSUD_1,COUNTRY,MLI,AFR,YEAR,Africa,SEX,SEX_FMLE,2004,,,,,,,0.03,0.03,,,,2013-06-11T14:15:34+02:00,2004,2004-01-01T00:00:00+01:00,2004-12-31T00:00:00+01:00,"Point prevalence (%), alcohol use disorders, 15+ years"
98,6960387,RSUD_1,COUNTRY,CUB,AMR,YEAR,Americas,SEX,SEX_FMLE,2004,,,,,,,0.90,0.9,,,,2013-06-11T14:15:34+02:00,2004,2004-01-01T00:00:00+01:00,2004-12-31T00:00:00+01:00,"Point prevalence (%), alcohol use disorders, 15+ years"
99,5838346,RSUD_1,COUNTRY,CZE,EUR,YEAR,Europe,SEX,SEX_FMLE,2004,,,,,,,0.58,0.58,,,,2013-06-11T14:15:34+02:00,2004,2004-01-01T00:00:00+01:00,2004-12-31T00:00:00+01:00,"Point prevalence (%), alcohol use disorders, 15+ years"
100,8304264,RSUD_1,COUNTRY,TUV,WPR,YEAR,Western Pacific,SEX,SEX_FMLE,2004,,,,,,,0.09,0.09,,,,2013-06-11T14:15:34+02:00,2004,2004-01-01T00:00:00+01:00,2004-12-31T00:00:00+01:00,"Point prevalence (%), alcohol use disorders, 15+ years"
101,5597690,RSUD_1,COUNTRY,BDI,AFR,YEAR,Africa,SEX,SEX_FMLE,2004,,,,,,,0.29,0.29,,,,2013-06-11T14:15:34+02:00,2004,2004-01-01T00:00:00+01:00,2004-12-31T00:00:00+01:00,"Point prevalence (%), alcohol use disorders, 15+ years"
102,7353529,RSUD_1,COUNTRY,TJK,EUR,YEAR,Europe,SEX,SEX_MLE,2004,,,,,,,2.57,2.57,,,,2013-06-11T14:15:34+02:00,2004,2004-01-01T00:00:00+01:00,2004-12-31T00:00:00+01:00,"Point prevalence (%), alcohol use disorders, 15+ years"
103,1506788,RSUD_1,COUNTRY,TZA,AFR,YEAR,Africa,SEX,SEX_FMLE,2004,,,,,,,0.19,0.19,,,,2013-06-11T14:15:34+02:00,2004,2004-01-01T00:00:00+01:00,2004-12-31T00:00:00+01:00,"Point prevalence (%), alcohol use disorders, 15+ years"
104,5407513,RSUD_1,COUNTRY,GAB,AFR,YEAR,Africa,SEX,SEX_FMLE,2004,,,,,,,0.29,0.29,,,,2013-06-11T14:15:34+02:00,2004,2004-01-01T00:00:00+01:00,2004-12-31T00:00:00+01:00,"Point prevalence (%), alcohol use disorders, 15+ years"
105,9892709,RSUD_1,COUNTRY,MNG,WPR,YEAR,Western Pacific,SEX,SEX_MLE,2004,,,,,,,5.95,5.95,,,,2013-06-11T14:15:34+02:00,2004,2004-01-01T00:00:00+01:00,2004-12-31T00:00:00+01:00,"Point prevalence (%), alcohol use disorders, 15+ years"
106,6079254,RSUD_1,COUNTRY,MMR,SEAR,YEAR,South-East Asia,SEX,SEX_MLE,2004,,,,,,,1.62,1.62,,,,2013-06-11T14:15:34+02:00,2004,2004-01-01T00:00:00+01:00,2004-12-31T00:00:00+01:00,"Point prevalence (%), alcohol use disorders, 15+ years"
107,9829571,RSUD_1,COUNTRY,PRT,EUR,YEAR,Europe,SEX,SEX_MLE,2004,,,,,,,4.07,4.07,,,,2013-06-11T14:15:34+02:00,2004,2004-01-01T00:00:00+01:00,2004-12-31T00:00:00+01:00,"Point prevalence (%), alcohol use disorders, 15+ years"
108,1916949,RSUD_1,COUNTRY,WSM,WPR,YEAR,Western Pacific,SEX,SEX_FMLE,2004,,,,,,,0.00,0.0,,,,2013-06-11T14:15:34+02:00,2004,2004-01-01T00:00:00+01:00,2004-12-31T00:00:00+01:00,"Point prevalence (%), alcohol use disorders, 15+ years"
109,4015974,RSUD_1,COUNTRY,EST,EUR,YEAR,Europe,SEX,SEX_MLE,2004,,,,,,,11.09,11.09,,,,2013-06-11T14:15:34+02:00,2004,2004-01-01T00:00:00+01:00,2004-12-31T00:00:00+01:00,"Point prevalence (%), alcohol use disorders, 15+ years"
110,7937102,RSUD_1,COUNTRY,UGA,AFR,YEAR,Africa,SEX,SEX_MLE,2004,,,,,,,3.35,3.35,,,,2013-06-11T14:15:34+02:00,2004,2004-01-01T00:00:00+01:00,2004-12-31T00:00:00+01:00,"Point prevalence (%), alcohol use disorders, 15+ years"
111,956376,RSUD_1,COUNTRY,DZA,AFR,YEAR,Africa,SEX,SEX_FMLE,2004,,,,,,,0.03,0.03,,,,2013-06-11T14:15:34+02:00,2004,2004-01-01T00:00:00+01:00,2004-12-31T00:00:00+01:00,"Point prevalence (%), alcohol use disorders, 15+ years"
112,8063749,RSUD_1,COUNTRY,KGZ,EUR,YEAR,Europe,SEX,SEX_FMLE,2004,,,,,,,0.30,0.3,,,,2013-06-11T14:15:34+02:00,2004,2004-01-01T00:00:00+01:00,2004-12-31T00:00:00+01:00,"Point prevalence (%), alcohol use disorders, 15+ years"
113,2991768,RSUD_1,COUNTRY,PRT,EUR,YEAR,Europe,SEX,SEX_FMLE,2004,,,,,,,0.95,0.95,,,,2013-06-11T14:15:34+02:00,2004,2004-01-01T00:00:00+01:00,2004-12-31T00:00:00+01:00,"Point prevalence (%), alcohol use disorders, 15+ years"
114,426358,RSUD_1,COUNTRY,URY,AMR,YEAR,Americas,SEX,SEX_MLE,2004,,,,,,,7.97,7.97,,,,2013-06-11T14:15:34+02:00,2004,2004-01-01T00:00:00+01:00,2004-12-31T00:00:00+01:00,"Point prevalence (%), alcohol use disorders, 15+ years"
115,20650,RSUD_1,COUNTRY,LCA,AMR,YEAR,Americas,SEX,SEX_MLE,2004,,,,,,,7.71,7.71,,,,2013-06-11T14:15:34+02:00,2004,2004-01-01T00:00:00+01:00,2004-12-31T00:00:00+01:00,"Point prevalence (%), alcohol use disorders, 15+ years"
116,6675558,RSUD_1,COUNTRY,AND,EUR,YEAR,Europe,SEX,SEX_FMLE,2004,,,,,,,1.00,1.0,,,,2013-06-11T14:15:34+02:00,2004,2004-01-01T00:00:00+01:00,2004-12-31T00:00:00+01:00,"Point prevalence (%), alcohol use disorders, 15+ years"
117,931133,RSUD_1,COUNTRY,ARM,EUR,YEAR,Europe,SEX,SEX_MLE,2004,,,,,,,1.94,1.94,,,,2013-06-11T14:15:34+02:00,2004,2004-01-01T00:00:00+01:00,2004-12-31T00:00:00+01:00,"Point prevalence (%), alcohol use disorders, 15+ years"
118,3655820,RSUD_1,COUNTRY,KEN,AFR,YEAR,Africa,SEX,SEX_FMLE,2004,,,,,,,0.16,0.16,,,,2013-06-11T14:15:34+02:00,2004,2004-01-01T00:00:00+01:00,2004-12-31T00:00:00+01:00,"Point prevalence (%), alcohol use disorders, 15+ years"
119,9741311,RSUD_1,COUNTRY,AGO,AFR,YEAR,Africa,SEX,SEX_FMLE,2004,,,,,,,0.16,0.16,,,,2013-06-11T14:15:34+02:00,2004,2004-01-01T00:00:00+01:00,2004-12-31T00:00:00+01:00,"Point prevalence (%), alcohol use disorders, 15+ years"
120,217552,RSUD_1,COUNTRY,KGZ,EUR,YEAR,Europe,SEX,SEX_MLE,2004,,,,,,,2.71,2.71,,,,2013-06-11T14:15:34+02:00,2004,2004-01-01T00:00:00+01:00,2004-12-31T00:00:00+01:00,"Point prevalence (%), alcohol use disorders, 15+ years"
121,6764633,RSUD_1,COUNTRY,NER,AFR,YEAR,Africa,SEX,SEX_MLE,2004,,,,,,,0.09,0.09,,,,2013-06-11T14:15:34+02:00,2004,2004-01-01T00:00:00+01:00,2004-12-31T00:00:00+01:00,"Point prevalence (%), alcohol use disorders, 15+ years"
122,4313657,RSUD_1,COUNTRY,KAZ,EUR,YEAR,Europe,SEX,SEX_FMLE,2004,,,,,,,1.48,1.48,,,,2013-06-11T14:15:34+02:00,2004,2004-01-01T00:00:00+01:00,2004-12-31T00:00:00+01:00,"Point prevalence (%), alcohol use disorders, 15+ years"
123,9754051,RSUD_1,COUNTRY,IRN,EMR,YEAR,Eastern Mediterranean,SEX,SEX_FMLE,2004,,,,,,,0.00,0.0,,,,2013-06-11T14:15:34+02:00,2004,2004-01-01T00:00:00+01:00,2004-12-31T00:00:00+01:00,"Point prevalence (%), alcohol use disorders, 15+ years"
124,8975562,RSUD_1,COUNTRY,STP,AFR,YEAR,Africa,SEX,SEX_FMLE,2004,,,,,,,0.24,0.24,,,,2013-06-11T14:15:34+02:00,2004,2004-01-01T00:00:00+01:00,2004-12-31T00:00:00+01:00,"Point prevalence (%), alcohol use disorders, 15+ years"
125,1910916,RSUD_1,COUNTRY,OMN,EMR,YEAR,Eastern Mediterranean,SEX,SEX_FMLE,2004,,,,,,,0.00,0.0,,,,2013-06-11T14:15:34+02:00,2004,2004-01-01T00:00:00+01:00,2004-12-31T00:00:00+01:00,"Point prevalence (%), alcohol use disorders, 15+ years"
126,3320755,RSUD_1,COUNTRY,COM,AFR,YEAR,Africa,SEX,SEX_MLE,2004,,,,,,,0.13,0.13,,,,2013-06-11T14:15:34+02:00,2004,2004-01-01T00:00:00+01:00,2004-12-31T00:00:00+01:00,"Point prevalence (%), alcohol use disorders, 15+ years"
127,10102171,RSUD_1,COUNTRY,BIH,EUR,YEAR,Europe,SEX,SEX_MLE,2004,,,,,,,5.19,5.19,,,,2013-06-11T14:15:34+02:00,2004,2004-01-01T00:00:00+01:00,2004-12-31T00:00:00+01:00,"Point prevalence (%), alcohol use disorders, 15+ years"
128,2195415,RSUD_1,COUNTRY,VEN,AMR,YEAR,Americas,SEX,SEX_MLE,2004,,,,,,,7.43,7.43,,,,2013-06-11T14:15:34+02:00,2004,2004-01-01T00:00:00+01:00,2004-12-31T00:00:00+01:00,"Point prevalence (%), alcohol use disorders, 15+ years"
129,1405824,RSUD_1,COUNTRY,ARG,AMR,YEAR,Americas,SEX,SEX_FMLE,2004,,,,,,,1.78,1.78,,,,2013-06-11T14:15:34+02:00,2004,2004-01-01T00:00:00+01:00,2004-12-31T00:00:00+01:00,"Point prevalence (%), alcohol use disorders, 15+ years"
130,1481882,RSUD_1,COUNTRY,PAK,EMR,YEAR,Eastern Mediterranean,SEX,SEX_MLE,2004,,,,,,,0.91,0.91,,,,2013-06-11T14:15:34+02:00,2004,2004-01-01T00:00:00+01:00,2004-12-31T00:00:00+01:00,"Point prevalence (%), alcohol use disorders, 15+ years"
131,9741474,RSUD_1,COUNTRY,BRN,WPR,YEAR,Western Pacific,SEX,SEX_FMLE,2004,,,,,,,0.16,0.16,,,,2013-06-11T14:15:34+02:00,2004,2004-01-01T00:00:00+01:00,2004-12-31T00:00:00+01:00,"Point prevalence (%), alcohol use disorders, 15+ years"
132,4041754,RSUD_1,COUNTRY,ATG,AMR,YEAR,Americas,SEX,SEX_MLE,2004,,,,,,,5.81,5.81,,,,2013-06-11T14:15:34+02:00,2004,2004-01-01T00:00:00+01:00,2004-12-31T00:00:00+01:00,"Point prevalence (%), alcohol use disorders, 15+ years"
133,3656071,RSUD_1,COUNTRY,CZE,EUR,YEAR,Europe,SEX,SEX_MLE,2004,,,,,,,4.44,4.44,,,,2013-06-11T14:15:34+02:00,2004,2004-01-01T00:00:00+01:00,2004-12-31T00:00:00+01:00,"Point prevalence (%), alcohol use disorders, 15+ years"
134,2979486,RSUD_1,COUNTRY,ARG,AMR,YEAR,Americas,SEX,SEX_MLE,2004,,,,,,,6.64,6.64,,,,2013-06-11T14:15:34+02:00,2004,2004-01-01T00:00:00+01:00,2004-12-31T00:00:00+01:00,"Point prevalence (%), alcohol use disorders, 15+ years"
135,6454114,RSUD_1,COUNTRY,HND,AMR,YEAR,Americas,SEX,SEX_MLE,2004,,,,,,,4.51,4.51,,,,2013-06-11T14:15:34+02:00,2004,2004-01-01T00:00:00+01:00,2004-12-31T00:00:00+01:00,"Point prevalence (%), alcohol use disorders, 15+ years"
136,154245,RSUD_1,COUNTRY,SWE,EUR,YEAR,Europe,SEX,SEX_MLE,2004,,,,,,,6.32,6.32,,,,2013-06-11T14:15:34+02:00,2004,2004-01-01T00:00:00+01:00,2004-12-31T00:00:00+01:00,"Point prevalence (%), alcohol use disorders, 15+ years"
137,5035532,RSUD_1,COUNTRY,SLV,AMR,YEAR,Americas,SEX,SEX_MLE,2004,,,,,,,5.16,5.16,,,,2013-06-11T14:15:34+02:00,2004,2004-01-01T00:00:00+01:00,2004-12-31T00:00:00+01:00,"Point prevalence (%), alcohol use disorders, 15+ years"
138,8658718,RSUD_1,COUNTRY,HUN,EUR,YEAR,Europe,SEX,SEX_MLE,2004,,,,,,,15.29,15.29,,,,2013-06-11T14:15:34+02:00,2004,2004-01-01T00:00:00+01:00,2004-12-31T00:00:00+01:00,"Point prevalence (%), alcohol use disorders, 15+ years"
139,5674442,RSUD_1,COUNTRY,SYC,AFR,YEAR,Africa,SEX,SEX_MLE,2004,,,,,,,2.03,2.03,,,,2013-06-11T14:15:34+02:00,2004,2004-01-01T00:00:00+01:00,2004-12-31T00:00:00+01:00,"Point prevalence (%), alcohol use disorders, 15+ years"
140,7347718,RSUD_1,COUNTRY,PRY,AMR,YEAR,Americas,SEX,SEX_FMLE,2004,,,,,,,0.97,0.97,,,,2013-06-11T14:15:34+02:00,2004,2004-01-01T00:00:00+01:00,2004-12-31T00:00:00+01:00,"Point prevalence (%), alcohol use disorders, 15+ years"
141,8273496,RSUD_1,COUNTRY,LBY,EMR,YEAR,Eastern Mediterranean,SEX,SEX_FMLE,2004,,,,,,,0.00,0.0,,,,2013-06-11T14:15:34+02:00,2004,2004-01-01T00:00:00+01:00,2004-12-31T00:00:00+01:00,"Point prevalence (%), alcohol use disorders, 15+ years"
142,6244851,RSUD_1,COUNTRY,MDA,EUR,YEAR,Europe,SEX,SEX_FMLE,2004,,,,,,,2.15,2.15,,,,2013-06-11T14:15:34+02:00,2004,2004-01-01T00:00:00+01:00,2004-12-31T00:00:00+01:00,"Point prevalence (%), alcohol use disorders, 15+ years"
143,7994419,RSUD_1,COUNTRY,TTO,AMR,YEAR,Americas,SEX,SEX_MLE,2004,,,,,,,4.46,4.46,,,,2013-06-11T14:15:34+02:00,2004,2004-01-01T00:00:00+01:00,2004-12-31T00:00:00+01:00,"Point prevalence (%), alcohol use disorders, 15+ years"
144,9704142,RSUD_1,COUNTRY,TCD,AFR,YEAR,Africa,SEX,SEX_MLE,2004,,,,,,,1.68,1.68,,,,2013-06-11T14:15:34+02:00,2004,2004-01-01T00:00:00+01:00,2004-12-31T00:00:00+01:00,"Point prevalence (%), alcohol use disorders, 15+ years"
145,3371703,RSUD_1,COUNTRY,BLR,EUR,YEAR,Europe,SEX,SEX_FMLE,2004,,,,,,,1.69,1.69,,,,2013-06-11T14:15:34+02:00,2004,2004-01-01T00:00:00+01:00,2004-12-31T00:00:00+01:00,"Point prevalence (%), alcohol use disorders, 15+ years"
146,59200,RSUD_1,COUNTRY,BDI,AFR,YEAR,Africa,SEX,SEX_MLE,2004,,,,,,,2.76,2.76,,,,2013-06-11T14:15:34+02:00,2004,2004-01-01T00:00:00+01:00,2004-12-31T00:00:00+01:00,"Point prevalence (%), alcohol use disorders, 15+ years"
147,8830073,RSUD_1,COUNTRY,LBR,AFR,YEAR,Africa,SEX,SEX_MLE,2004,,,,,,,1.43,1.43,,,,2013-06-11T14:15:34+02:00,2004,2004-01-01T00:00:00+01:00,2004-12-31T00:00:00+01:00,"Point prevalence (%), alcohol use disorders, 15+ years"
148,780214,RSUD_1,COUNTRY,NLD,EUR,YEAR,Europe,SEX,SEX_MLE,2004,,,,,,,5.29,5.29,,,,2013-06-11T14:15:34+02:00,2004,2004-01-01T00:00:00+01:00,2004-12-31T00:00:00+01:00,"Point prevalence (%), alcohol use disorders, 15+ years"
149,9565159,RSUD_1,COUNTRY,TUV,WPR,YEAR,Western Pacific,SEX,SEX_MLE,2004,,,,,,,2.69,2.69,,,,2013-06-11T14:15:34+02:00,2004,2004-01-01T00:00:00+01:00,2004-12-31T00:00:00+01:00,"Point prevalence (%), alcohol use disorders, 15+ years"
150,9679041,RSUD_1,COUNTRY,MNG,WPR,YEAR,Western Pacific,SEX,SEX_FMLE,2004,,,,,,,0.20,0.2,,,,2013-06-11T14:15:34+02:00,2004,2004-01-01T00:00:00+01:00,2004-12-31T00:00:00+01:00,"Point prevalence (%), alcohol use disorders, 15+ years"
151,2328553,RSUD_1,COUNTRY,FRA,EUR,YEAR,Europe,SEX,SEX_MLE,2004,,,,,,,4.54,4.54,,,,2013-06-11T14:15:34+02:00,2004,2004-01-01T00:00:00+01:00,2004-12-31T00:00:00+01:00,"Point prevalence (%), alcohol use disorders, 15+ years"
152,9070501,RSUD_1,COUNTRY,COD,AFR,YEAR,Africa,SEX,SEX_FMLE,2004,,,,,,,0.10,0.1,,,,2013-06-11T14:15:34+02:00,2004,2004-01-01T00:00:00+01:00,2004-12-31T00:00:00+01:00,"Point prevalence (%), alcohol use disorders, 15+ years"
153,5845415,RSUD_1,COUNTRY,GRD,AMR,YEAR,Americas,SEX,SEX_FMLE,2004,,,,,,,1.18,1.18,,,,2013-06-11T14:15:34+02:00,2004,2004-01-01T00:00:00+01:00,2004-12-31T00:00:00+01:00,"Point prevalence (%), alcohol use disorders, 15+ years"
154,1627872,RSUD_1,COUNTRY,MDV,SEAR,YEAR,South-East Asia,SEX,SEX_FMLE,2004,,,,,,,0.47,0.47,,,,2013-06-11T14:15:34+02:00,2004,2004-01-01T00:00:00+01:00,2004-12-31T00:00:00+01:00,"Point prevalence (%), alcohol use disorders, 15+ years"
155,2366383,RSUD_1,COUNTRY,ZMB,AFR,YEAR,Africa,SEX,SEX_MLE,2004,,,,,,,1.47,1.47,,,,2013-06-11T14:15:34+02:00,2004,2004-01-01T00:00:00+01:00,2004-12-31T00:00:00+01:00,"Point prevalence (%), alcohol use disorders, 15+ years"
156,1311400,RSUD_1,COUNTRY,FRA,EUR,YEAR,Europe,SEX,SEX_FMLE,2004,,,,,,,1.07,1.07,,,,2013-06-11T14:15:34+02:00,2004,2004-01-01T00:00:00+01:00,2004-12-31T00:00:00+01:00,"Point prevalence (%), alcohol use disorders, 15+ years"
157,3055556,RSUD_1,COUNTRY,DMA,AMR,YEAR,Americas,SEX,SEX_MLE,2004,,,,,,,7.55,7.55,,,,2013-06-11T14:15:34+02:00,2004,2004-01-01T00:00:00+01:00,2004-12-31T00:00:00+01:00,"Point prevalence (%), alcohol use disorders, 15+ years"
158,7994557,RSUD_1,COUNTRY,SVK,EUR,YEAR,Europe,SEX,SEX_MLE,2004,,,,,,,9.47,9.47,,,,2013-06-11T14:15:34+02:00,2004,2004-01-01T00:00:00+01:00,2004-12-31T00:00:00+01:00,"Point prevalence (%), alcohol use disorders, 15+ years"
159,1355336,RSUD_1,COUNTRY,COM,AFR,YEAR,Africa,SEX,SEX_FMLE,2004,,,,,,,0.01,0.01,,,,2013-06-11T14:15:34+02:00,2004,2004-01-01T00:00:00+01:00,2004-12-31T00:00:00+01:00,"Point prevalence (%), alcohol use disorders, 15+ years"
160,2998737,RSUD_1,COUNTRY,SVN,EUR,YEAR,Europe,SEX,SEX_FMLE,2004,,,,,,,0.79,0.79,,,,2013-06-11T14:15:34+02:00,2004,2004-01-01T00:00:00+01:00,2004-12-31T00:00:00+01:00,"Point prevalence (%), alcohol use disorders, 15+ years"
161,7994603,RSUD_1,COUNTRY,GUY,AMR,YEAR,Americas,SEX,SEX_FMLE,2004,,,,,,,1.06,1.06,,,,2013-06-11T14:15:34+02:00,2004,2004-01-01T00:00:00+01:00,2004-12-31T00:00:00+01:00,"Point prevalence (%), alcohol use disorders, 15+ years"
162,8096101,RSUD_1,COUNTRY,PRK,SEAR,YEAR,South-East Asia,SEX,SEX_MLE,2004,,,,,,,4.78,4.78,,,,2013-06-11T14:15:34+02:00,2004,2004-01-01T00:00:00+01:00,2004-12-31T00:00:00+01:00,"Point prevalence (%), alcohol use disorders, 15+ years"
163,8292674,RSUD_1,COUNTRY,PER,AMR,YEAR,Americas,SEX,SEX_MLE,2004,,,,,,,7.65,7.65,,,,2013-06-11T14:15:34+02:00,2004,2004-01-01T00:00:00+01:00,2004-12-31T00:00:00+01:00,"Point prevalence (%), alcohol use disorders, 15+ years"
164,7132637,RSUD_1,COUNTRY,MDG,AFR,YEAR,Africa,SEX,SEX_FMLE,2004,,,,,,,0.08,0.08,,,,2013-06-11T14:15:34+02:00,2004,2004-01-01T00:00:00+01:00,2004-12-31T00:00:00+01:00,"Point prevalence (%), alcohol use disorders, 15+ years"
165,5902444,RSUD_1,COUNTRY,SDN,EMR,YEAR,Eastern Mediterranean,SEX,SEX_FMLE,2004,,,,,,,0.06,0.06,,,,2013-06-11T14:15:34+02:00,2004,2004-01-01T00:00:00+01:00,2004-12-31T00:00:00+01:00,"Point prevalence (%), alcohol use disorders, 15+ years"
166,230740,RSUD_1,COUNTRY,RUS,EUR,YEAR,Europe,SEX,SEX_FMLE,2004,,,,,,,2.58,2.58,,,,2013-06-11T14:15:34+02:00,2004,2004-01-01T00:00:00+01:00,2004-12-31T00:00:00+01:00,"Point prevalence (%), alcohol use disorders, 15+ years"
167,2290584,RSUD_1,COUNTRY,MCO,EUR,YEAR,Europe,SEX,SEX_FMLE,2004,,,,,,,0.96,0.96,,,,2013-06-11T14:15:34+02:00,2004,2004-01-01T00:00:00+01:00,2004-12-31T00:00:00+01:00,"Point prevalence (%), alcohol use disorders, 15+ years"
168,7817123,RSUD_1,COUNTRY,BRA,AMR,YEAR,Americas,SEX,SEX_MLE,2004,,,,,,,7.29,7.29,,,,2013-06-11T14:15:34+02:00,2004,2004-01-01T00:00:00+01:00,2004-12-31T00:00:00+01:00,"Point prevalence (%), alcohol use disorders, 15+ years"
169,5168662,RSUD_1,COUNTRY,GNQ,AFR,YEAR,Africa,SEX,SEX_MLE,2004,,,,,,,0.85,0.85,,,,2013-06-11T14:15:34+02:00,2004,2004-01-01T00:00:00+01:00,2004-12-31T00:00:00+01:00,"Point prevalence (%), alcohol use disorders, 15+ years"
170,1058329,RSUD_1,COUNTRY,BHR,EMR,YEAR,Eastern Mediterranean,SEX,SEX_MLE,2004,,,,,,,2.18,2.18,,,,2013-06-11T14:15:34+02:00,2004,2004-01-01T00:00:00+01:00,2004-12-31T00:00:00+01:00,"Point prevalence (%), alcohol use disorders, 15+ years"
171,3378351,RSUD_1,COUNTRY,DMA,AMR,YEAR,Americas,SEX,SEX_FMLE,2004,,,,,,,1.46,1.46,,,,2013-06-11T14:15:34+02:00,2004,2004-01-01T00:00:00+01:00,2004-12-31T00:00:00+01:00,"Point prevalence (%), alcohol use disorders, 15+ years"
172,7215005,RSUD_1,COUNTRY,MYS,WPR,YEAR,Western Pacific,SEX,SEX_MLE,2004,,,,,,,3.74,3.74,,,,2013-06-11T14:15:34+02:00,2004,2004-01-01T00:00:00+01:00,2004-12-31T00:00:00+01:00,"Point prevalence (%), alcohol use disorders, 15+ years"
173,3713667,RSUD_1,COUNTRY,NIC,AMR,YEAR,Americas,SEX,SEX_FMLE,2004,,,,,,,0.66,0.66,,,,2013-06-11T14:15:34+02:00,2004,2004-01-01T00:00:00+01:00,2004-12-31T00:00:00+01:00,"Point prevalence (%), alcohol use disorders, 15+ years"
174,8261216,RSUD_1,COUNTRY,ESP,EUR,YEAR,Europe,SEX,SEX_FMLE,2004,,,,,,,0.17,0.17,,,,2013-06-11T14:15:34+02:00,2004,2004-01-01T00:00:00+01:00,2004-12-31T00:00:00+01:00,"Point prevalence (%), alcohol use disorders, 15+ years"
175,9995163,RSUD_1,COUNTRY,CPV,AFR,YEAR,Africa,SEX,SEX_FMLE,2004,,,,,,,0.18,0.18,,,,2013-06-11T14:15:34+02:00,2004,2004-01-01T00:00:00+01:00,2004-12-31T00:00:00+01:00,"Point prevalence (%), alcohol use disorders, 15+ years"
176,4522998,RSUD_1,COUNTRY,LTU,EUR,YEAR,Europe,SEX,SEX_FMLE,2004,,,,,,,1.98,1.98,,,,2013-06-11T14:15:34+02:00,2004,2004-01-01T00:00:00+01:00,2004-12-31T00:00:00+01:00,"Point prevalence (%), alcohol use disorders, 15+ years"
177,5858390,RSUD_1,COUNTRY,DOM,AMR,YEAR,Americas,SEX,SEX_FMLE,2004,,,,,,,1.24,1.24,,,,2013-06-11T14:15:34+02:00,2004,2004-01-01T00:00:00+01:00,2004-12-31T00:00:00+01:00,"Point prevalence (%), alcohol use disorders, 15+ years"
178,4402745,RSUD_1,COUNTRY,GNQ,AFR,YEAR,Africa,SEX,SEX_FMLE,2004,,,,,,,0.10,0.1,,,,2013-06-11T14:15:34+02:00,2004,2004-01-01T00:00:00+01:00,2004-12-31T00:00:00+01:00,"Point prevalence (%), alcohol use disorders, 15+ years"
179,824500,RSUD_1,COUNTRY,BLR,EUR,YEAR,Europe,SEX,SEX_MLE,2004,,,,,,,11.43,11.43,,,,2013-06-11T14:15:34+02:00,2004,2004-01-01T00:00:00+01:00,2004-12-31T00:00:00+01:00,"Point prevalence (%), alcohol use disorders, 15+ years"
180,9388051,RSUD_1,COUNTRY,ETH,AFR,YEAR,Africa,SEX,SEX_MLE,2004,,,,,,,1.88,1.88,,,,2013-06-11T14:15:34+02:00,2004,2004-01-01T00:00:00+01:00,2004-12-31T00:00:00+01:00,"Point prevalence (%), alcohol use disorders, 15+ years"
181,4415295,RSUD_1,COUNTRY,DJI,EMR,YEAR,Eastern Mediterranean,SEX,SEX_MLE,2004,,,,,,,0.75,0.75,,,,2013-06-11T14:15:34+02:00,2004,2004-01-01T00:00:00+01:00,2004-12-31T00:00:00+01:00,"Point prevalence (%), alcohol use disorders, 15+ years"
182,7785763,RSUD_1,COUNTRY,FSM,WPR,YEAR,Western Pacific,SEX,SEX_FMLE,2004,,,,,,,0.11,0.11,,,,2013-06-11T14:15:34+02:00,2004,2004-01-01T00:00:00+01:00,2004-12-31T00:00:00+01:00,"Point prevalence (%), alcohol use disorders, 15+ years"
183,1387300,RSUD_1,COUNTRY,IRN,EMR,YEAR,Eastern Mediterranean,SEX,SEX_MLE,2004,,,,,,,0.50,0.5,,,,2013-06-11T14:15:34+02:00,2004,2004-01-01T00:00:00+01:00,2004-12-31T00:00:00+01:00,"Point prevalence (%), alcohol use disorders, 15+ years"
184,4732477,RSUD_1,COUNTRY,AGO,AFR,YEAR,Africa,SEX,SEX_MLE,2004,,,,,,,1.42,1.42,,,,2013-06-11T14:15:34+02:00,2004,2004-01-01T00:00:00+01:00,2004-12-31T00:00:00+01:00,"Point prevalence (%), alcohol use disorders, 15+ years"
185,7538580,RSUD_1,COUNTRY,HRV,EUR,YEAR,Europe,SEX,SEX_FMLE,2004,,,,,,,1.11,1.11,,,,2013-06-11T14:15:34+02:00,2004,2004-01-01T00:00:00+01:00,2004-12-31T00:00:00+01:00,"Point prevalence (%), alcohol use disorders, 15+ years"
186,129345,RSUD_1,COUNTRY,GRC,EUR,YEAR,Europe,SEX,SEX_FMLE,2004,,,,,,,0.84,0.84,,,,2013-06-11T14:15:34+02:00,2004,2004-01-01T00:00:00+01:00,2004-12-31T00:00:00+01:00,"Point prevalence (%), alcohol use disorders, 15+ years"
187,8646520,RSUD_1,COUNTRY,KIR,WPR,YEAR,Western Pacific,SEX,SEX_FMLE,2004,,,,,,,0.14,0.14,,,,2013-06-11T14:15:34+02:00,2004,2004-01-01T00:00:00+01:00,2004-12-31T00:00:00+01:00,"Point prevalence (%), alcohol use disorders, 15+ years"
188,2480493,RSUD_1,COUNTRY,IRL,EUR,YEAR,Europe,SEX,SEX_MLE,2004,,,,,,,4.84,4.84,,,,2013-06-11T14:15:34+02:00,2004,2004-01-01T00:00:00+01:00,2004-12-31T00:00:00+01:00,"Point prevalence (%), alcohol use disorders, 15+ years"
189,7278470,RSUD_1,COUNTRY,SGP,WPR,YEAR,Western Pacific,SEX,SEX_MLE,2004,,,,,,,1.40,1.4,,,,2013-06-11T14:15:34+02:00,2004,2004-01-01T00:00:00+01:00,2004-12-31T00:00:00+01:00,"Point prevalence (%), alcohol use disorders, 15+ years"
190,995500,RSUD_1,COUNTRY,PLW,WPR,YEAR,Western Pacific,SEX,SEX_FMLE,2004,,,,,,,0.00,0.0,,,,2013-06-11T14:15:34+02:00,2004,2004-01-01T00:00:00+01:00,2004-12-31T00:00:00+01:00,"Point prevalence (%), alcohol use disorders, 15+ years"
191,3663113,RSUD_1,COUNTRY,MAR,EMR,YEAR,Eastern Mediterranean,SEX,SEX_FMLE,2004,,,,,,,0.00,0.0,,,,2013-06-11T14:15:34+02:00,2004,2004-01-01T00:00:00+01:00,2004-12-31T00:00:00+01:00,"Point prevalence (%), alcohol use disorders, 15+ years"
192,8236045,RSUD_1,COUNTRY,AUS,WPR,YEAR,Western Pacific,SEX,SEX_MLE,2004,,,,,,,6.17,6.17,,,,2013-06-11T14:15:34+02:00,2004,2004-01-01T00:00:00+01:00,2004-12-31T00:00:00+01:00,"Point prevalence (%), alcohol use disorders, 15+ years"
193,1753927,RSUD_1,COUNTRY,KAZ,EUR,YEAR,Europe,SEX,SEX_MLE,2004,,,,,,,9.53,9.53,,,,2013-06-11T14:15:34+02:00,2004,2004-01-01T00:00:00+01:00,2004-12-31T00:00:00+01:00,"Point prevalence (%), alcohol use disorders, 15+ years"
194,78945,RSUD_1,COUNTRY,RWA,AFR,YEAR,Africa,SEX,SEX_MLE,2004,,,,,,,2.36,2.36,,,,2013-06-11T14:15:34+02:00,2004,2004-01-01T00:00:00+01:00,2004-12-31T00:00:00+01:00,"Point prevalence (%), alcohol use disorders, 15+ years"
195,6841354,RSUD_1,COUNTRY,BOL,AMR,YEAR,Americas,SEX,SEX_MLE,2004,,,,,,,5.62,5.62,,,,2013-06-11T14:15:34+02:00,2004,2004-01-01T00:00:00+01:00,2004-12-31T00:00:00+01:00,"Point prevalence (%), alcohol use disorders, 15+ years"
196,6885764,RSUD_1,COUNTRY,SLE,AFR,YEAR,Africa,SEX,SEX_MLE,2004,,,,,,,2.10,2.1,,,,2013-06-11T14:15:34+02:00,2004,2004-01-01T00:00:00+01:00,2004-12-31T00:00:00+01:00,"Point prevalence (%), alcohol use disorders, 15+ years"
197,1242270,RSUD_1,COUNTRY,ROU,EUR,YEAR,Europe,SEX,SEX_FMLE,2004,,,,,,,1.29,1.29,,,,2013-06-11T14:15:34+02:00,2004,2004-01-01T00:00:00+01:00,2004-12-31T00:00:00+01:00,"Point prevalence (%), alcohol use disorders, 15+ years"
198,970297,RSUD_1,COUNTRY,POL,EUR,YEAR,Europe,SEX,SEX_MLE,2004,,,,,,,4.50,4.5,,,,2013-06-11T14:15:34+02:00,2004,2004-01-01T00:00:00+01:00,2004-12-31T00:00:00+01:00,"Point prevalence (%), alcohol use disorders, 15+ years"
199,9824504,RSUD_1,COUNTRY,BEN,AFR,YEAR,Africa,SEX,SEX_MLE,2004,,,,,,,0.66,0.66,,,,2013-06-11T14:15:34+02:00,2004,2004-01-01T00:00:00+01:00,2004-12-31T00:00:00+01:00,"Point prevalence (%), alcohol use disorders, 15+ years"
200,7697233,RSUD_1,COUNTRY,SLV,AMR,YEAR,Americas,SEX,SEX_FMLE,2004,,,,,,,1.01,1.01,,,,2013-06-11T14:15:34+02:00,2004,2004-01-01T00:00:00+01:00,2004-12-31T00:00:00+01:00,"Point prevalence (%), alcohol use disorders, 15+ years"
201,7354918,RSUD_1,COUNTRY,ZWE,AFR,YEAR,Africa,SEX,SEX_FMLE,2004,,,,,,,0.28,0.28,,,,2013-06-11T14:15:34+02:00,2004,2004-01-01T00:00:00+01:00,2004-12-31T00:00:00+01:00,"Point prevalence (%), alcohol use disorders, 15+ years"
202,5865150,RSUD_1,COUNTRY,RUS,EUR,YEAR,Europe,SEX,SEX_MLE,2004,,,,,,,16.29,16.29,,,,2013-06-11T14:15:34+02:00,2004,2004-01-01T00:00:00+01:00,2004-12-31T00:00:00+01:00,"Point prevalence (%), alcohol use disorders, 15+ years"
203,5915547,RSUD_1,COUNTRY,NOR,EUR,YEAR,Europe,SEX,SEX_FMLE,2004,,,,,,,2.55,2.55,,,,2013-06-11T14:15:34+02:00,2004,2004-01-01T00:00:00+01:00,2004-12-31T00:00:00+01:00,"Point prevalence (%), alcohol use disorders, 15+ years"
204,1223255,RSUD_1,COUNTRY,ZMB,AFR,YEAR,Africa,SEX,SEX_FMLE,2004,,,,,,,0.16,0.16,,,,2013-06-11T14:15:34+02:00,2004,2004-01-01T00:00:00+01:00,2004-12-31T00:00:00+01:00,"Point prevalence (%), alcohol use disorders, 15+ years"
205,2430284,RSUD_1,COUNTRY,BRN,WPR,YEAR,Western Pacific,SEX,SEX_MLE,2004,,,,,,,1.39,1.39,,,,2013-06-11T14:15:34+02:00,2004,2004-01-01T00:00:00+01:00,2004-12-31T00:00:00+01:00,"Point prevalence (%), alcohol use disorders, 15+ years"
206,9559645,RSUD_1,COUNTRY,CUB,AMR,YEAR,Americas,SEX,SEX_MLE,2004,,,,,,,4.71,4.71,,,,2013-06-11T14:15:34+02:00,2004,2004-01-01T00:00:00+01:00,2004-12-31T00:00:00+01:00,"Point prevalence (%), alcohol use disorders, 15+ years"
207,3416940,RSUD_1,COUNTRY,SAU,EMR,YEAR,Eastern Mediterranean,SEX,SEX_MLE,2004,,,,,,,0.38,0.38,,,,2013-06-11T14:15:34+02:00,2004,2004-01-01T00:00:00+01:00,2004-12-31T00:00:00+01:00,"Point prevalence (%), alcohol use disorders, 15+ years"
208,7272533,RSUD_1,COUNTRY,BEN,AFR,YEAR,Africa,SEX,SEX_FMLE,2004,,,,,,,0.07,0.07,,,,2013-06-11T14:15:34+02:00,2004,2004-01-01T00:00:00+01:00,2004-12-31T00:00:00+01:00,"Point prevalence (%), alcohol use disorders, 15+ years"
209,2955111,RSUD_1,COUNTRY,USA,AMR,YEAR,Americas,SEX,SEX_MLE,2004,,,,,,,5.48,5.48,,,,2013-06-11T14:15:34+02:00,2004,2004-01-01T00:00:00+01:00,2004-12-31T00:00:00+01:00,"Point prevalence (%), alcohol use disorders, 15+ years"
210,5643707,RSUD_1,COUNTRY,GAB,AFR,YEAR,Africa,SEX,SEX_MLE,2004,,,,,,,2.57,2.57,,,,2013-06-11T14:15:34+02:00,2004,2004-01-01T00:00:00+01:00,2004-12-31T00:00:00+01:00,"Point prevalence (%), alcohol use disorders, 15+ years"
211,2506444,RSUD_1,COUNTRY,HUN,EUR,YEAR,Europe,SEX,SEX_FMLE,2004,,,,,,,2.27,2.27,,,,2013-06-11T14:15:34+02:00,2004,2004-01-01T00:00:00+01:00,2004-12-31T00:00:00+01:00,"Point prevalence (%), alcohol use disorders, 15+ years"
212,5270382,RSUD_1,COUNTRY,BGD,SEAR,YEAR,South-East Asia,SEX,SEX_MLE,2004,,,,,,,0.61,0.61,,,,2013-06-11T14:15:34+02:00,2004,2004-01-01T00:00:00+01:00,2004-12-31T00:00:00+01:00,"Point prevalence (%), alcohol use disorders, 15+ years"
213,743272,RSUD_1,COUNTRY,MDG,AFR,YEAR,Africa,SEX,SEX_MLE,2004,,,,,,,0.73,0.73,,,,2013-06-11T14:15:34+02:00,2004,2004-01-01T00:00:00+01:00,2004-12-31T00:00:00+01:00,"Point prevalence (%), alcohol use disorders, 15+ years"
214,8584154,RSUD_1,COUNTRY,AUS,WPR,YEAR,Western Pacific,SEX,SEX_FMLE,2004,,,,,,,2.61,2.61,,,,2013-06-11T14:15:34+02:00,2004,2004-01-01T00:00:00+01:00,2004-12-31T00:00:00+01:00,"Point prevalence (%), alcohol use disorders, 15+ years"
215,3884857,RSUD_1,COUNTRY,OMN,EMR,YEAR,Eastern Mediterranean,SEX,SEX_MLE,2004,,,,,,,0.37,0.37,,,,2013-06-11T14:15:34+02:00,2004,2004-01-01T00:00:00+01:00,2004-12-31T00:00:00+01:00,"Point prevalence (%), alcohol use disorders, 15+ years"
216,446824,RSUD_1,COUNTRY,TTO,AMR,YEAR,Americas,SEX,SEX_FMLE,2004,,,,,,,0.87,0.87,,,,2013-06-11T14:15:34+02:00,2004,2004-01-01T00:00:00+01:00,2004-12-31T00:00:00+01:00,"Point prevalence (%), alcohol use disorders, 15+ years"
217,5093404,RSUD_1,COUNTRY,ETH,AFR,YEAR,Africa,SEX,SEX_FMLE,2004,,,,,,,0.10,0.1,,,,2013-06-11T14:15:34+02:00,2004,2004-01-01T00:00:00+01:00,2004-12-31T00:00:00+01:00,"Point prevalence (%), alcohol use disorders, 15+ years"
218,250681,RSUD_1,COUNTRY,GHA,AFR,YEAR,Africa,SEX,SEX_MLE,2004,,,,,,,1.43,1.43,,,,2013-06-11T14:15:34+02:00,2004,2004-01-01T00:00:00+01:00,2004-12-31T00:00:00+01:00,"Point prevalence (%), alcohol use disorders, 15+ years"
219,4213695,RSUD_1,COUNTRY,NAM,AFR,YEAR,Africa,SEX,SEX_MLE,2004,,,,,,,1.80,1.8,,,,2013-06-11T14:15:34+02:00,2004,2004-01-01T00:00:00+01:00,2004-12-31T00:00:00+01:00,"Point prevalence (%), alcohol use disorders, 15+ years"
220,1274346,RSUD_1,COUNTRY,DOM,AMR,YEAR,Americas,SEX,SEX_MLE,2004,,,,,,,6.43,6.43,,,,2013-06-11T14:15:34+02:00,2004,2004-01-01T00:00:00+01:00,2004-12-31T00:00:00+01:00,"Point prevalence (%), alcohol use disorders, 15+ years"
221,8065378,RSUD_1,COUNTRY,AZE,EUR,YEAR,Europe,SEX,SEX_FMLE,2004,,,,,,,0.38,0.38,,,,2013-06-11T14:15:34+02:00,2004,2004-01-01T00:00:00+01:00,2004-12-31T00:00:00+01:00,"Point prevalence (%), alcohol use disorders, 15+ years"
222,8653591,RSUD_1,COUNTRY,EST,EUR,YEAR,Europe,SEX,SEX_FMLE,2004,,,,,,,1.62,1.62,,,,2013-06-11T14:15:34+02:00,2004,2004-01-01T00:00:00+01:00,2004-12-31T00:00:00+01:00,"Point prevalence (%), alcohol use disorders, 15+ years"
223,4860084,RSUD_1,COUNTRY,NRU,WPR,YEAR,Western Pacific,SEX,SEX_MLE,2004,,,,,,,3.65,3.65,,,,2013-06-11T14:15:34+02:00,2004,2004-01-01T00:00:00+01:00,2004-12-31T00:00:00+01:00,"Point prevalence (%), alcohol use disorders, 15+ years"
224,7127342,RSUD_1,COUNTRY,GTM,AMR,YEAR,Americas,SEX,SEX_FMLE,2004,,,,,,,0.68,0.68,,,,2013-06-11T14:15:34+02:00,2004,2004-01-01T00:00:00+01:00,2004-12-31T00:00:00+01:00,"Point prevalence (%), alcohol use disorders, 15+ years"
225,3651019,RSUD_1,COUNTRY,SDN,EMR,YEAR,Eastern Mediterranean,SEX,SEX_MLE,2004,,,,,,,0.54,0.54,,,,2013-06-11T14:15:34+02:00,2004,2004-01-01T00:00:00+01:00,2004-12-31T00:00:00+01:00,"Point prevalence (%), alcohol use disorders, 15+ years"
226,8843967,RSUD_1,COUNTRY,ISR,EUR,YEAR,Europe,SEX,SEX_MLE,2004,,,,,,,1.35,1.35,,,,2013-06-11T14:15:34+02:00,2004,2004-01-01T00:00:00+01:00,2004-12-31T00:00:00+01:00,"Point prevalence (%), alcohol use disorders, 15+ years"
227,2171397,RSUD_1,COUNTRY,CYP,EUR,YEAR,Europe,SEX,SEX_FMLE,2004,,,,,,,0.00,0.0,,,,2013-06-11T14:15:34+02:00,2004,2004-01-01T00:00:00+01:00,2004-12-31T00:00:00+01:00,"Point prevalence (%), alcohol use disorders, 15+ years"
228,1470666,RSUD_1,COUNTRY,BHS,AMR,YEAR,Americas,SEX,SEX_FMLE,2004,,,,,,,1.68,1.68,,,,2013-06-11T14:15:34+02:00,2004,2004-01-01T00:00:00+01:00,2004-12-31T00:00:00+01:00,"Point prevalence (%), alcohol use disorders, 15+ years"
229,6125658,RSUD_1,COUNTRY,NIU,WPR,YEAR,Western Pacific,SEX,SEX_FMLE,2004,,,,,,,0.34,0.34,,,,2013-06-11T14:15:34+02:00,2004,2004-01-01T00:00:00+01:00,2004-12-31T00:00:00+01:00,"Point prevalence (%), alcohol use disorders, 15+ years"
230,4568513,RSUD_1,COUNTRY,IND,SEAR,YEAR,South-East Asia,SEX,SEX_FMLE,2004,,,,,,,0.42,0.42,,,,2013-06-11T14:15:34+02:00,2004,2004-01-01T00:00:00+01:00,2004-12-31T00:00:00+01:00,"Point prevalence (%), alcohol use disorders, 15+ years"
231,8970793,RSUD_1,COUNTRY,MEX,AMR,YEAR,Americas,SEX,SEX_FMLE,2004,,,,,,,0.21,0.21,,,,2013-06-11T14:15:34+02:00,2004,2004-01-01T00:00:00+01:00,2004-12-31T00:00:00+01:00,"Point prevalence (%), alcohol use disorders, 15+ years"
232,9129029,RSUD_1,COUNTRY,SUR,AMR,YEAR,Americas,SEX,SEX_MLE,2004,,,,,,,5.64,5.64,,,,2013-06-11T14:15:34+02:00,2004,2004-01-01T00:00:00+01:00,2004-12-31T00:00:00+01:00,"Point prevalence (%), alcohol use disorders, 15+ years"
233,7869152,RSUD_1,COUNTRY,VCT,AMR,YEAR,Americas,SEX,SEX_FMLE,2004,,,,,,,1.24,1.24,,,,2013-06-11T14:15:34+02:00,2004,2004-01-01T00:00:00+01:00,2004-12-31T00:00:00+01:00,"Point prevalence (%), alcohol use disorders, 15+ years"
234,977353,RSUD_1,COUNTRY,TZA,AFR,YEAR,Africa,SEX,SEX_MLE,2004,,,,,,,1.79,1.79,,,,2013-06-11T14:15:34+02:00,2004,2004-01-01T00:00:00+01:00,2004-12-31T00:00:00+01:00,"Point prevalence (%), alcohol use disorders, 15+ years"
235,117640,RSUD_1,COUNTRY,TGO,AFR,YEAR,Africa,SEX,SEX_FMLE,2004,,,,,,,0.07,0.07,,,,2013-06-11T14:15:34+02:00,2004,2004-01-01T00:00:00+01:00,2004-12-31T00:00:00+01:00,"Point prevalence (%), alcohol use disorders, 15+ years"
236,6614067,RSUD_1,COUNTRY,SWE,EUR,YEAR,Europe,SEX,SEX_FMLE,2004,,,,,,,2.27,2.27,,,,2013-06-11T14:15:34+02:00,2004,2004-01-01T00:00:00+01:00,2004-12-31T00:00:00+01:00,"Point prevalence (%), alcohol use disorders, 15+ years"
237,2974784,RSUD_1,COUNTRY,PLW,WPR,YEAR,Western Pacific,SEX,SEX_MLE,2004,,,,,,,0.00,0.0,,,,2013-06-11T14:15:34+02:00,2004,2004-01-01T00:00:00+01:00,2004-12-31T00:00:00+01:00,"Point prevalence (%), alcohol use disorders, 15+ years"
238,4961223,RSUD_1,COUNTRY,NGA,AFR,YEAR,Africa,SEX,SEX_FMLE,2004,,,,,,,0.03,0.03,,,,2013-06-11T14:15:34+02:00,2004,2004-01-01T00:00:00+01:00,2004-12-31T00:00:00+01:00,"Point prevalence (%), alcohol use disorders, 15+ years"
239,346063,RSUD_1,COUNTRY,TJK,EUR,YEAR,Europe,SEX,SEX_FMLE,2004,,,,,,,0.29,0.29,,,,2013-06-11T14:15:34+02:00,2004,2004-01-01T00:00:00+01:00,2004-12-31T00:00:00+01:00,"Point prevalence (%), alcohol use disorders, 15+ years"
240,9357633,RSUD_1,COUNTRY,CHN,WPR,YEAR,Western Pacific,SEX,SEX_FMLE,2004,,,,,,,0.22,0.22,,,,2013-06-11T14:15:34+02:00,2004,2004-01-01T00:00:00+01:00,2004-12-31T00:00:00+01:00,"Point prevalence (%), alcohol use disorders, 15+ years"
241,9674275,RSUD_1,COUNTRY,YEM,EMR,YEAR,Eastern Mediterranean,SEX,SEX_MLE,2004,,,,,,,0.24,0.24,,,,2013-06-11T14:15:34+02:00,2004,2004-01-01T00:00:00+01:00,2004-12-31T00:00:00+01:00,"Point prevalence (%), alcohol use disorders, 15+ years"
242,5037185,RSUD_1,COUNTRY,ARE,EMR,YEAR,Eastern Mediterranean,SEX,SEX_MLE,2004,,,,,,,0.59,0.59,,,,2013-06-11T14:15:34+02:00,2004,2004-01-01T00:00:00+01:00,2004-12-31T00:00:00+01:00,"Point prevalence (%), alcohol use disorders, 15+ years"
243,1319309,RSUD_1,COUNTRY,CAF,AFR,YEAR,Africa,SEX,SEX_FMLE,2004,,,,,,,0.10,0.1,,,,2013-06-11T14:15:34+02:00,2004,2004-01-01T00:00:00+01:00,2004-12-31T00:00:00+01:00,"Point prevalence (%), alcohol use disorders, 15+ years"
244,1792641,RSUD_1,COUNTRY,SWZ,AFR,YEAR,Africa,SEX,SEX_MLE,2004,,,,,,,2.27,2.27,,,,2013-06-11T14:15:34+02:00,2004,2004-01-01T00:00:00+01:00,2004-12-31T00:00:00+01:00,"Point prevalence (%), alcohol use disorders, 15+ years"
245,2532206,RSUD_1,COUNTRY,MLT,EUR,YEAR,Europe,SEX,SEX_FMLE,2004,,,,,,,0.60,0.6,,,,2013-06-11T14:15:34+02:00,2004,2004-01-01T00:00:00+01:00,2004-12-31T00:00:00+01:00,"Point prevalence (%), alcohol use disorders, 15+ years"
246,7432058,RSUD_1,COUNTRY,LUX,EUR,YEAR,Europe,SEX,SEX_FMLE,2004,,,,,,,1.06,1.06,,,,2013-06-11T14:15:34+02:00,2004,2004-01-01T00:00:00+01:00,2004-12-31T00:00:00+01:00,"Point prevalence (%), alcohol use disorders, 15+ years"
247,6424163,RSUD_1,COUNTRY,BWA,AFR,YEAR,Africa,SEX,SEX_MLE,2004,,,,,,,1.87,1.87,,,,2013-06-11T14:15:34+02:00,2004,2004-01-01T00:00:00+01:00,2004-12-31T00:00:00+01:00,"Point prevalence (%), alcohol use disorders, 15+ years"
248,6487563,RSUD_1,COUNTRY,USA,AMR,YEAR,Americas,SEX,SEX_FMLE,2004,,,,,,,1.92,1.92,,,,2013-06-11T14:15:34+02:00,2004,2004-01-01T00:00:00+01:00,2004-12-31T00:00:00+01:00,"Point prevalence (%), alcohol use disorders, 15+ years"
249,5460577,RSUD_1,COUNTRY,WSM,WPR,YEAR,Western Pacific,SEX,SEX_MLE,2004,,,,,,,0.00,0.0,,,,2013-06-11T14:15:34+02:00,2004,2004-01-01T00:00:00+01:00,2004-12-31T00:00:00+01:00,"Point prevalence (%), alcohol use disorders, 15+ years"
250,1331618,RSUD_1,COUNTRY,CRI,AMR,YEAR,Americas,SEX,SEX_MLE,2004,,,,,,,6.62,6.62,,,,2013-06-11T14:15:34+02:00,2004,2004-01-01T00:00:00+01:00,2004-12-31T00:00:00+01:00,"Point prevalence (%), alcohol use disorders, 15+ years"
251,4353534,RSUD_1,COUNTRY,SEN,AFR,YEAR,Africa,SEX,SEX_MLE,2004,,,,,,,0.52,0.52,,,,2013-06-11T14:15:34+02:00,2004,2004-01-01T00:00:00+01:00,2004-12-31T00:00:00+01:00,"Point prevalence (%), alcohol use disorders, 15+ years"
252,10161115,RSUD_1,COUNTRY,NPL,SEAR,YEAR,South-East Asia,SEX,SEX_MLE,2004,,,,,,,3.80,3.8,,,,2013-06-11T14:15:34+02:00,2004,2004-01-01T00:00:00+01:00,2004-12-31T00:00:00+01:00,"Point prevalence (%), alcohol use disorders, 15+ years"
253,5935618,RSUD_1,COUNTRY,MHL,WPR,YEAR,Western Pacific,SEX,SEX_FMLE,2004,,,,,,,0.00,0.0,,,,2013-06-11T14:15:34+02:00,2004,2004-01-01T00:00:00+01:00,2004-12-31T00:00:00+01:00,"Point prevalence (%), alcohol use disorders, 15+ years"
254,2759669,RSUD_1,COUNTRY,BEL,EUR,YEAR,Europe,SEX,SEX_MLE,2004,,,,,,,2.03,2.03,,,,2013-06-11T14:15:34+02:00,2004,2004-01-01T00:00:00+01:00,2004-12-31T00:00:00+01:00,"Point prevalence (%), alcohol use disorders, 15+ years"
255,2146525,RSUD_1,COUNTRY,UKR,EUR,YEAR,Europe,SEX,SEX_FMLE,2004,,,,,,,0.79,0.79,,,,2013-06-11T14:15:34+02:00,2004,2004-01-01T00:00:00+01:00,2004-12-31T00:00:00+01:00,"Point prevalence (%), alcohol use disorders, 15+ years"
256,4043702,RSUD_1,COUNTRY,CRI,AMR,YEAR,Americas,SEX,SEX_FMLE,2004,,,,,,,1.28,1.28,,,,2013-06-11T14:15:34+02:00,2004,2004-01-01T00:00:00+01:00,2004-12-31T00:00:00+01:00,"Point prevalence (%), alcohol use disorders, 15+ years"
257,4492798,RSUD_1,COUNTRY,PER,AMR,YEAR,Americas,SEX,SEX_FMLE,2004,,,,,,,1.33,1.33,,,,2013-06-11T14:15:34+02:00,2004,2004-01-01T00:00:00+01:00,2004-12-31T00:00:00+01:00,"Point prevalence (%), alcohol use disorders, 15+ years"
258,7856820,RSUD_1,COUNTRY,PRY,AMR,YEAR,Americas,SEX,SEX_MLE,2004,,,,,,,5.01,5.01,,,,2013-06-11T14:15:34+02:00,2004,2004-01-01T00:00:00+01:00,2004-12-31T00:00:00+01:00,"Point prevalence (%), alcohol use disorders, 15+ years"
259,1521913,RSUD_1,COUNTRY,ITA,EUR,YEAR,Europe,SEX,SEX_FMLE,2004,,,,,,,0.41,0.41,,,,2013-06-11T14:15:34+02:00,2004,2004-01-01T00:00:00+01:00,2004-12-31T00:00:00+01:00,"Point prevalence (%), alcohol use disorders, 15+ years"
260,10046983,RSUD_1,COUNTRY,SYR,EMR,YEAR,Eastern Mediterranean,SEX,SEX_MLE,2004,,,,,,,0.59,0.59,,,,2013-06-11T14:15:34+02:00,2004,2004-01-01T00:00:00+01:00,2004-12-31T00:00:00+01:00,"Point prevalence (%), alcohol use disorders, 15+ years"
261,6348359,RSUD_1,COUNTRY,MRT,AFR,YEAR,Africa,SEX,SEX_MLE,2004,,,,,,,0.02,0.02,,,,2013-06-11T14:15:34+02:00,2004,2004-01-01T00:00:00+01:00,2004-12-31T00:00:00+01:00,"Point prevalence (%), alcohol use disorders, 15+ years"
262,1598006,RSUD_1,COUNTRY,LUX,EUR,YEAR,Europe,SEX,SEX_MLE,2004,,,,,,,4.45,4.45,,,,2013-06-11T14:15:34+02:00,2004,2004-01-01T00:00:00+01:00,2004-12-31T00:00:00+01:00,"Point prevalence (%), alcohol use disorders, 15+ years"
263,6614420,RSUD_1,COUNTRY,TUR,EUR,YEAR,Europe,SEX,SEX_FMLE,2004,,,,,,,0.65,0.65,,,,2013-06-11T14:15:34+02:00,2004,2004-01-01T00:00:00+01:00,2004-12-31T00:00:00+01:00,"Point prevalence (%), alcohol use disorders, 15+ years"
264,1818433,RSUD_1,COUNTRY,ECU,AMR,YEAR,Americas,SEX,SEX_FMLE,2004,,,,,,,1.07,1.07,,,,2013-06-11T14:15:34+02:00,2004,2004-01-01T00:00:00+01:00,2004-12-31T00:00:00+01:00,"Point prevalence (%), alcohol use disorders, 15+ years"
265,2121371,RSUD_1,COUNTRY,HTI,AMR,YEAR,Americas,SEX,SEX_MLE,2004,,,,,,,6.28,6.28,,,,2013-06-11T14:15:34+02:00,2004,2004-01-01T00:00:00+01:00,2004-12-31T00:00:00+01:00,"Point prevalence (%), alcohol use disorders, 15+ years"
266,7292766,RSUD_1,COUNTRY,PAN,AMR,YEAR,Americas,SEX,SEX_MLE,2004,,,,,,,5.95,5.95,,,,2013-06-11T14:15:34+02:00,2004,2004-01-01T00:00:00+01:00,2004-12-31T00:00:00+01:00,"Point prevalence (%), alcohol use disorders, 15+ years"
267,3152395,RSUD_1,COUNTRY,CAF,AFR,YEAR,Africa,SEX,SEX_MLE,2004,,,,,,,0.99,0.99,,,,2013-06-11T14:15:34+02:00,2004,2004-01-01T00:00:00+01:00,2004-12-31T00:00:00+01:00,"Point prevalence (%), alcohol use disorders, 15+ years"
268,4651665,RSUD_1,COUNTRY,HND,AMR,YEAR,Americas,SEX,SEX_FMLE,2004,,,,,,,0.88,0.88,,,,2013-06-11T14:15:34+02:00,2004,2004-01-01T00:00:00+01:00,2004-12-31T00:00:00+01:00,"Point prevalence (%), alcohol use disorders, 15+ years"
269,6456284,RSUD_1,COUNTRY,ECU,AMR,YEAR,Americas,SEX,SEX_MLE,2004,,,,,,,6.10,6.1,,,,2013-06-11T14:15:34+02:00,2004,2004-01-01T00:00:00+01:00,2004-12-31T00:00:00+01:00,"Point prevalence (%), alcohol use disorders, 15+ years"
270,2816936,RSUD_1,COUNTRY,PNG,WPR,YEAR,Western Pacific,SEX,SEX_MLE,2004,,,,,,,3.76,3.76,,,,2013-06-11T14:15:34+02:00,2004,2004-01-01T00:00:00+01:00,2004-12-31T00:00:00+01:00,"Point prevalence (%), alcohol use disorders, 15+ years"
271,857526,RSUD_1,COUNTRY,PAN,AMR,YEAR,Americas,SEX,SEX_FMLE,2004,,,,,,,1.15,1.15,,,,2013-06-11T14:15:34+02:00,2004,2004-01-01T00:00:00+01:00,2004-12-31T00:00:00+01:00,"Point prevalence (%), alcohol use disorders, 15+ years"
272,7388122,RSUD_1,COUNTRY,KWT,EMR,YEAR,Eastern Mediterranean,SEX,SEX_MLE,2004,,,,,,,0.07,0.07,,,,2013-06-11T14:15:34+02:00,2004,2004-01-01T00:00:00+01:00,2004-12-31T00:00:00+01:00,"Point prevalence (%), alcohol use disorders, 15+ years"
273,4588307,RSUD_1,COUNTRY,ISL,EUR,YEAR,Europe,SEX,SEX_MLE,2004,,,,,,,2.97,2.97,,,,2013-06-11T14:15:34+02:00,2004,2004-01-01T00:00:00+01:00,2004-12-31T00:00:00+01:00,"Point prevalence (%), alcohol use disorders, 15+ years"
274,333985,RSUD_1,COUNTRY,TLS,SEAR,YEAR,South-East Asia,SEX,SEX_MLE,2004,,,,,,,1.94,1.94,,,,2013-06-11T14:15:34+02:00,2004,2004-01-01T00:00:00+01:00,2004-12-31T00:00:00+01:00,"Point prevalence (%), alcohol use disorders, 15+ years"
275,1945031,RSUD_1,COUNTRY,LKA,SEAR,YEAR,South-East Asia,SEX,SEX_MLE,2004,,,,,,,4.34,4.34,,,,2013-06-11T14:15:34+02:00,2004,2004-01-01T00:00:00+01:00,2004-12-31T00:00:00+01:00,"Point prevalence (%), alcohol use disorders, 15+ years"
276,3696455,RSUD_1,COUNTRY,NIU,WPR,YEAR,Western Pacific,SEX,SEX_MLE,2004,,,,,,,10.58,10.58,,,,2013-06-11T14:15:34+02:00,2004,2004-01-01T00:00:00+01:00,2004-12-31T00:00:00+01:00,"Point prevalence (%), alcohol use disorders, 15+ years"
277,2754315,RSUD_1,COUNTRY,SLB,WPR,YEAR,Western Pacific,SEX,SEX_MLE,2004,,,,,,,1.82,1.82,,,,2013-06-11T14:15:34+02:00,2004,2004-01-01T00:00:00+01:00,2004-12-31T00:00:00+01:00,"Point prevalence (%), alcohol use disorders, 15+ years"
278,6887337,RSUD_1,COUNTRY,AFG,EMR,YEAR,Eastern Mediterranean,SEX,SEX_FMLE,2004,,,,,,,0.02,0.02,,,,2013-06-11T14:15:34+02:00,2004,2004-01-01T00:00:00+01:00,2004-12-31T00:00:00+01:00,"Point prevalence (%), alcohol use disorders, 15+ years"
279,7685987,RSUD_1,COUNTRY,FSM,WPR,YEAR,Western Pacific,SEX,SEX_MLE,2004,,,,,,,3.39,3.39,,,,2013-06-11T14:15:34+02:00,2004,2004-01-01T00:00:00+01:00,2004-12-31T00:00:00+01:00,"Point prevalence (%), alcohol use disorders, 15+ years"
280,9724833,RSUD_1,COUNTRY,CAN,AMR,YEAR,Americas,SEX,SEX_FMLE,2004,,,,,,,1.92,1.92,,,,2013-06-11T14:15:34+02:00,2004,2004-01-01T00:00:00+01:00,2004-12-31T00:00:00+01:00,"Point prevalence (%), alcohol use disorders, 15+ years"
281,143917,RSUD_1,COUNTRY,QAT,EMR,YEAR,Eastern Mediterranean,SEX,SEX_MLE,2004,,,,,,,1.64,1.64,,,,2013-06-11T14:15:34+02:00,2004,2004-01-01T00:00:00+01:00,2004-12-31T00:00:00+01:00,"Point prevalence (%), alcohol use disorders, 15+ years"
282,6671895,RSUD_1,COUNTRY,LVA,EUR,YEAR,Europe,SEX,SEX_MLE,2004,,,,,,,11.54,11.54,,,,2013-06-11T14:15:34+02:00,2004,2004-01-01T00:00:00+01:00,2004-12-31T00:00:00+01:00,"Point prevalence (%), alcohol use disorders, 15+ years"
283,321411,RSUD_1,COUNTRY,GRC,EUR,YEAR,Europe,SEX,SEX_MLE,2004,,,,,,,3.56,3.56,,,,2013-06-11T14:15:34+02:00,2004,2004-01-01T00:00:00+01:00,2004-12-31T00:00:00+01:00,"Point prevalence (%), alcohol use disorders, 15+ years"
284,353124,RSUD_1,COUNTRY,GEO,EUR,YEAR,Europe,SEX,SEX_MLE,2004,,,,,,,7.44,7.44,,,,2013-06-11T14:15:34+02:00,2004,2004-01-01T00:00:00+01:00,2004-12-31T00:00:00+01:00,"Point prevalence (%), alcohol use disorders, 15+ years"
285,3652082,RSUD_1,COUNTRY,BRB,AMR,YEAR,Americas,SEX,SEX_MLE,2004,,,,,,,6.57,6.57,,,,2013-06-11T14:15:34+02:00,2004,2004-01-01T00:00:00+01:00,2004-12-31T00:00:00+01:00,"Point prevalence (%), alcohol use disorders, 15+ years"
286,6995082,RSUD_1,COUNTRY,GNB,AFR,YEAR,Africa,SEX,SEX_FMLE,2004,,,,,,,0.12,0.12,,,,2013-06-11T14:15:34+02:00,2004,2004-01-01T00:00:00+01:00,2004-12-31T00:00:00+01:00,"Point prevalence (%), alcohol use disorders, 15+ years"
287,6652915,RSUD_1,COUNTRY,MDV,SEAR,YEAR,South-East Asia,SEX,SEX_MLE,2004,,,,,,,3.74,3.74,,,,2013-06-11T14:15:34+02:00,2004,2004-01-01T00:00:00+01:00,2004-12-31T00:00:00+01:00,"Point prevalence (%), alcohol use disorders, 15+ years"
288,6741886,RSUD_1,COUNTRY,THA,SEAR,YEAR,South-East Asia,SEX,SEX_MLE,2004,,,,,,,10.18,10.18,,,,2013-06-11T14:15:34+02:00,2004,2004-01-01T00:00:00+01:00,2004-12-31T00:00:00+01:00,"Point prevalence (%), alcohol use disorders, 15+ years"
289,4918012,RSUD_1,COUNTRY,MMR,SEAR,YEAR,South-East Asia,SEX,SEX_FMLE,2004,,,,,,,0.05,0.05,,,,2013-06-11T14:15:34+02:00,2004,2004-01-01T00:00:00+01:00,2004-12-31T00:00:00+01:00,"Point prevalence (%), alcohol use disorders, 15+ years"
290,826651,RSUD_1,COUNTRY,BIH,EUR,YEAR,Europe,SEX,SEX_FMLE,2004,,,,,,,1.23,1.23,,,,2013-06-11T14:15:34+02:00,2004,2004-01-01T00:00:00+01:00,2004-12-31T00:00:00+01:00,"Point prevalence (%), alcohol use disorders, 15+ years"
291,2855431,RSUD_1,COUNTRY,DZA,AFR,YEAR,Africa,SEX,SEX_MLE,2004,,,,,,,0.26,0.26,,,,2013-06-11T14:15:34+02:00,2004,2004-01-01T00:00:00+01:00,2004-12-31T00:00:00+01:00,"Point prevalence (%), alcohol use disorders, 15+ years"
292,327990,RSUD_1,COUNTRY,ISR,EUR,YEAR,Europe,SEX,SEX_FMLE,2004,,,,,,,0.33,0.33,,,,2013-06-11T14:15:34+02:00,2004,2004-01-01T00:00:00+01:00,2004-12-31T00:00:00+01:00,"Point prevalence (%), alcohol use disorders, 15+ years"
293,2140896,RSUD_1,COUNTRY,LTU,EUR,YEAR,Europe,SEX,SEX_MLE,2004,,,,,,,13.35,13.35,,,,2013-06-11T14:15:34+02:00,2004,2004-01-01T00:00:00+01:00,2004-12-31T00:00:00+01:00,"Point prevalence (%), alcohol use disorders, 15+ years"
294,1850649,RSUD_1,COUNTRY,SWZ,AFR,YEAR,Africa,SEX,SEX_FMLE,2004,,,,,,,0.25,0.25,,,,2013-06-11T14:15:34+02:00,2004,2004-01-01T00:00:00+01:00,2004-12-31T00:00:00+01:00,"Point prevalence (%), alcohol use disorders, 15+ years"
295,7001787,RSUD_1,COUNTRY,NZL,WPR,YEAR,Western Pacific,SEX,SEX_FMLE,2004,,,,,,,2.20,2.2,,,,2013-06-11T14:15:34+02:00,2004,2004-01-01T00:00:00+01:00,2004-12-31T00:00:00+01:00,"Point prevalence (%), alcohol use disorders, 15+ years"
296,454752,RSUD_1,COUNTRY,FIN,EUR,YEAR,Europe,SEX,SEX_MLE,2004,,,,,,,6.39,6.39,,,,2013-06-11T14:15:34+02:00,2004,2004-01-01T00:00:00+01:00,2004-12-31T00:00:00+01:00,"Point prevalence (%), alcohol use disorders, 15+ years"
297,9681695,RSUD_1,COUNTRY,ERI,AFR,YEAR,Africa,SEX,SEX_MLE,2004,,,,,,,0.56,0.56,,,,2013-06-11T14:15:34+02:00,2004,2004-01-01T00:00:00+01:00,2004-12-31T00:00:00+01:00,"Point prevalence (%), alcohol use disorders, 15+ years"
298,4937307,RSUD_1,COUNTRY,BTN,SEAR,YEAR,South-East Asia,SEX,SEX_FMLE,2004,,,,,,,0.20,0.2,,,,2013-06-11T14:15:34+02:00,2004,2004-01-01T00:00:00+01:00,2004-12-31T00:00:00+01:00,"Point prevalence (%), alcohol use disorders, 15+ years"
299,5467960,RSUD_1,COUNTRY,IDN,SEAR,YEAR,South-East Asia,SEX,SEX_FMLE,2004,,,,,,,0.34,0.34,,,,2013-06-11T14:15:34+02:00,2004,2004-01-01T00:00:00+01:00,2004-12-31T00:00:00+01:00,"Point prevalence (%), alcohol use disorders, 15+ years"
300,4500015,RSUD_1,COUNTRY,LBN,EMR,YEAR,Eastern Mediterranean,SEX,SEX_MLE,2004,,,,,,,0.69,0.69,,,,2013-06-11T14:15:34+02:00,2004,2004-01-01T00:00:00+01:00,2004-12-31T00:00:00+01:00,"Point prevalence (%), alcohol use disorders, 15+ years"
301,397763,RSUD_1,COUNTRY,CAN,AMR,YEAR,Americas,SEX,SEX_MLE,2004,,,,,,,5.43,5.43,,,,2013-06-11T14:15:34+02:00,2004,2004-01-01T00:00:00+01:00,2004-12-31T00:00:00+01:00,"Point prevalence (%), alcohol use disorders, 15+ years"
302,8712270,RSUD_1,COUNTRY,LVA,EUR,YEAR,Europe,SEX,SEX_FMLE,2004,,,,,,,1.67,1.67,,,,2013-06-11T14:15:34+02:00,2004,2004-01-01T00:00:00+01:00,2004-12-31T00:00:00+01:00,"Point prevalence (%), alcohol use disorders, 15+ years"
303,9681778,RSUD_1,COUNTRY,LBR,AFR,YEAR,Africa,SEX,SEX_FMLE,2004,,,,,,,0.16,0.16,,,,2013-06-11T14:15:34+02:00,2004,2004-01-01T00:00:00+01:00,2004-12-31T00:00:00+01:00,"Point prevalence (%), alcohol use disorders, 15+ years"
304,5196532,RSUD_1,COUNTRY,GIN,AFR,YEAR,Africa,SEX,SEX_MLE,2004,,,,,,,0.16,0.16,,,,2013-06-11T14:15:34+02:00,2004,2004-01-01T00:00:00+01:00,2004-12-31T00:00:00+01:00,"Point prevalence (%), alcohol use disorders, 15+ years"
305,2571449,RSUD_1,COUNTRY,KIR,WPR,YEAR,Western Pacific,SEX,SEX_MLE,2004,,,,,,,4.14,4.14,,,,2013-06-11T14:15:34+02:00,2004,2004-01-01T00:00:00+01:00,2004-12-31T00:00:00+01:00,"Point prevalence (%), alcohol use disorders, 15+ years"
306,9079578,RSUD_1,COUNTRY,IRQ,EMR,YEAR,Eastern Mediterranean,SEX,SEX_MLE,2004,,,,,,,0.19,0.19,,,,2013-06-11T14:15:34+02:00,2004,2004-01-01T00:00:00+01:00,2004-12-31T00:00:00+01:00,"Point prevalence (%), alcohol use disorders, 15+ years"
307,7724627,RSUD_1,COUNTRY,KHM,WPR,YEAR,Western Pacific,SEX,SEX_FMLE,2004,,,,,,,0.11,0.11,,,,2013-06-11T14:15:34+02:00,2004,2004-01-01T00:00:00+01:00,2004-12-31T00:00:00+01:00,"Point prevalence (%), alcohol use disorders, 15+ years"
308,5019346,RSUD_1,COUNTRY,BTN,SEAR,YEAR,South-East Asia,SEX,SEX_MLE,2004,,,,,,,1.53,1.53,,,,2013-06-11T14:15:34+02:00,2004,2004-01-01T00:00:00+01:00,2004-12-31T00:00:00+01:00,"Point prevalence (%), alcohol use disorders, 15+ years"
309,8686927,RSUD_1,COUNTRY,MUS,AFR,YEAR,Africa,SEX,SEX_MLE,2004,,,,,,,1.17,1.17,,,,2013-06-11T14:15:34+02:00,2004,2004-01-01T00:00:00+01:00,2004-12-31T00:00:00+01:00,"Point prevalence (%), alcohol use disorders, 15+ years"
310,5544210,RSUD_1,COUNTRY,TON,WPR,YEAR,Western Pacific,SEX,SEX_MLE,2004,,,,,,,1.89,1.89,,,,2013-06-11T14:15:34+02:00,2004,2004-01-01T00:00:00+01:00,2004-12-31T00:00:00+01:00,"Point prevalence (%), alcohol use disorders, 15+ years"
311,5575669,RSUD_1,COUNTRY,ARE,EMR,YEAR,Eastern Mediterranean,SEX,SEX_FMLE,2004,,,,,,,0.00,0.0,,,,2013-06-11T14:15:34+02:00,2004,2004-01-01T00:00:00+01:00,2004-12-31T00:00:00+01:00,"Point prevalence (%), alcohol use disorders, 15+ years"
312,5632870,RSUD_1,COUNTRY,MAR,EMR,YEAR,Eastern Mediterranean,SEX,SEX_MLE,2004,,,,,,,0.79,0.79,,,,2013-06-11T14:15:34+02:00,2004,2004-01-01T00:00:00+01:00,2004-12-31T00:00:00+01:00,"Point prevalence (%), alcohol use disorders, 15+ years"
313,5860835,RSUD_1,COUNTRY,MWI,AFR,YEAR,Africa,SEX,SEX_FMLE,2004,,,,,,,0.07,0.07,,,,2013-06-11T14:15:34+02:00,2004,2004-01-01T00:00:00+01:00,2004-12-31T00:00:00+01:00,"Point prevalence (%), alcohol use disorders, 15+ years"
314,3443843,RSUD_1,COUNTRY,BRA,AMR,YEAR,Americas,SEX,SEX_FMLE,2004,,,,,,,1.41,1.41,,,,2013-06-11T14:15:34+02:00,2004,2004-01-01T00:00:00+01:00,2004-12-31T00:00:00+01:00,"Point prevalence (%), alcohol use disorders, 15+ years"
315,7014657,RSUD_1,COUNTRY,COL,AMR,YEAR,Americas,SEX,SEX_MLE,2004,,,,,,,10.33,10.33,,,,2013-06-11T14:15:34+02:00,2004,2004-01-01T00:00:00+01:00,2004-12-31T00:00:00+01:00,"Point prevalence (%), alcohol use disorders, 15+ years"
316,2255324,RSUD_1,COUNTRY,ROU,EUR,YEAR,Europe,SEX,SEX_MLE,2004,,,,,,,5.45,5.45,,,,2013-06-11T14:15:34+02:00,2004,2004-01-01T00:00:00+01:00,2004-12-31T00:00:00+01:00,"Point prevalence (%), alcohol use disorders, 15+ years"
317,6368364,RSUD_1,COUNTRY,BGR,EUR,YEAR,Europe,SEX,SEX_FMLE,2004,,,,,,,0.91,0.91,,,,2013-06-11T14:15:34+02:00,2004,2004-01-01T00:00:00+01:00,2004-12-31T00:00:00+01:00,"Point prevalence (%), alcohol use disorders, 15+ years"
318,4766659,RSUD_1,COUNTRY,LSO,AFR,YEAR,Africa,SEX,SEX_MLE,2004,,,,,,,1.35,1.35,,,,2013-06-11T14:15:34+02:00,2004,2004-01-01T00:00:00+01:00,2004-12-31T00:00:00+01:00,"Point prevalence (%), alcohol use disorders, 15+ years"
319,10079792,RSUD_1,COUNTRY,HTI,AMR,YEAR,Americas,SEX,SEX_FMLE,2004,,,,,,,1.11,1.11,,,,2013-06-11T14:15:34+02:00,2004,2004-01-01T00:00:00+01:00,2004-12-31T00:00:00+01:00,"Point prevalence (%), alcohol use disorders, 15+ years"
320,2185744,RSUD_1,COUNTRY,LAO,WPR,YEAR,Western Pacific,SEX,SEX_MLE,2004,,,,,,,8.38,8.38,,,,2013-06-11T14:15:34+02:00,2004,2004-01-01T00:00:00+01:00,2004-12-31T00:00:00+01:00,"Point prevalence (%), alcohol use disorders, 15+ years"
321,4741270,RSUD_1,COUNTRY,MEX,AMR,YEAR,Americas,SEX,SEX_MLE,2004,,,,,,,4.13,4.13,,,,2013-06-11T14:15:34+02:00,2004,2004-01-01T00:00:00+01:00,2004-12-31T00:00:00+01:00,"Point prevalence (%), alcohol use disorders, 15+ years"
322,4512854,RSUD_1,COUNTRY,SLE,AFR,YEAR,Africa,SEX,SEX_FMLE,2004,,,,,,,0.24,0.24,,,,2013-06-11T14:15:34+02:00,2004,2004-01-01T00:00:00+01:00,2004-12-31T00:00:00+01:00,"Point prevalence (%), alcohol use disorders, 15+ years"
323,1907708,RSUD_1,COUNTRY,COK,WPR,YEAR,Western Pacific,SEX,SEX_MLE,2004,,,,,,,3.23,3.23,,,,2013-06-11T14:15:34+02:00,2004,2004-01-01T00:00:00+01:00,2004-12-31T00:00:00+01:00,"Point prevalence (%), alcohol use disorders, 15+ years"
324,5411054,RSUD_1,COUNTRY,NRU,WPR,YEAR,Western Pacific,SEX,SEX_FMLE,2004,,,,,,,0.12,0.12,,,,2013-06-11T14:15:34+02:00,2004,2004-01-01T00:00:00+01:00,2004-12-31T00:00:00+01:00,"Point prevalence (%), alcohol use disorders, 15+ years"
325,4070014,RSUD_1,COUNTRY,GHA,AFR,YEAR,Africa,SEX,SEX_FMLE,2004,,,,,,,0.16,0.16,,,,2013-06-11T14:15:34+02:00,2004,2004-01-01T00:00:00+01:00,2004-12-31T00:00:00+01:00,"Point prevalence (%), alcohol use disorders, 15+ years"
326,1945781,RSUD_1,COUNTRY,SMR,EUR,YEAR,Europe,SEX,SEX_FMLE,2004,,,,,,,0.74,0.74,,,,2013-06-11T14:15:34+02:00,2004,2004-01-01T00:00:00+01:00,2004-12-31T00:00:00+01:00,"Point prevalence (%), alcohol use disorders, 15+ years"
327,2015009,RSUD_1,COUNTRY,ATG,AMR,YEAR,Americas,SEX,SEX_FMLE,2004,,,,,,,1.12,1.12,,,,2013-06-11T14:15:34+02:00,2004,2004-01-01T00:00:00+01:00,2004-12-31T00:00:00+01:00,"Point prevalence (%), alcohol use disorders, 15+ years"
328,694951,RSUD_1,COUNTRY,NPL,SEAR,YEAR,South-East Asia,SEX,SEX_FMLE,2004,,,,,,,0.48,0.48,,,,2013-06-11T14:15:34+02:00,2004,2004-01-01T00:00:00+01:00,2004-12-31T00:00:00+01:00,"Point prevalence (%), alcohol use disorders, 15+ years"
329,5639379,RSUD_1,COUNTRY,CPV,AFR,YEAR,Africa,SEX,SEX_MLE,2004,,,,,,,1.60,1.6,,,,2013-06-11T14:15:34+02:00,2004,2004-01-01T00:00:00+01:00,2004-12-31T00:00:00+01:00,"Point prevalence (%), alcohol use disorders, 15+ years"
330,7598133,RSUD_1,COUNTRY,SOM,EMR,YEAR,Eastern Mediterranean,SEX,SEX_MLE,2004,,,,,,,0.28,0.28,,,,2013-06-11T14:15:34+02:00,2004,2004-01-01T00:00:00+01:00,2004-12-31T00:00:00+01:00,"Point prevalence (%), alcohol use disorders, 15+ years"
331,6501510,RSUD_1,COUNTRY,BFA,AFR,YEAR,Africa,SEX,SEX_FMLE,2004,,,,,,,0.21,0.21,,,,2013-06-11T14:15:34+02:00,2004,2004-01-01T00:00:00+01:00,2004-12-31T00:00:00+01:00,"Point prevalence (%), alcohol use disorders, 15+ years"
332,6697976,RSUD_1,COUNTRY,ALB,EUR,YEAR,Europe,SEX,SEX_FMLE,2004,,,,,,,0.67,0.67,,,,2013-06-11T14:15:34+02:00,2004,2004-01-01T00:00:00+01:00,2004-12-31T00:00:00+01:00,"Point prevalence (%), alcohol use disorders, 15+ years"
333,6653571,RSUD_1,COUNTRY,GEO,EUR,YEAR,Europe,SEX,SEX_FMLE,2004,,,,,,,0.25,0.25,,,,2013-06-11T14:15:34+02:00,2004,2004-01-01T00:00:00+01:00,2004-12-31T00:00:00+01:00,"Point prevalence (%), alcohol use disorders, 15+ years"
334,8579786,RSUD_1,COUNTRY,TCD,AFR,YEAR,Africa,SEX,SEX_FMLE,2004,,,,,,,0.19,0.19,,,,2013-06-11T14:15:34+02:00,2004,2004-01-01T00:00:00+01:00,2004-12-31T00:00:00+01:00,"Point prevalence (%), alcohol use disorders, 15+ years"
335,7940668,RSUD_1,COUNTRY,SYC,AFR,YEAR,Africa,SEX,SEX_FMLE,2004,,,,,,,0.22,0.22,,,,2013-06-11T14:15:34+02:00,2004,2004-01-01T00:00:00+01:00,2004-12-31T00:00:00+01:00,"Point prevalence (%), alcohol use disorders, 15+ years"
336,7230501,RSUD_1,COUNTRY,ISL,EUR,YEAR,Europe,SEX,SEX_FMLE,2004,,,,,,,0.73,0.73,,,,2013-06-11T14:15:34+02:00,2004,2004-01-01T00:00:00+01:00,2004-12-31T00:00:00+01:00,"Point prevalence (%), alcohol use disorders, 15+ years"
337,4183998,RSUD_1,COUNTRY,CIV,AFR,YEAR,Africa,SEX,SEX_FMLE,2004,,,,,,,0.08,0.08,,,,2013-06-11T14:15:34+02:00,2004,2004-01-01T00:00:00+01:00,2004-12-31T00:00:00+01:00,"Point prevalence (%), alcohol use disorders, 15+ years"
338,1118251,RSUD_1,COUNTRY,AFG,EMR,YEAR,Eastern Mediterranean,SEX,SEX_MLE,2004,,,,,,,0.18,0.18,,,,2013-06-11T14:15:34+02:00,2004,2004-01-01T00:00:00+01:00,2004-12-31T00:00:00+01:00,"Point prevalence (%), alcohol use disorders, 15+ years"
339,8941224,RSUD_1,COUNTRY,AND,EUR,YEAR,Europe,SEX,SEX_MLE,2004,,,,,,,4.25,4.25,,,,2013-06-11T14:15:34+02:00,2004,2004-01-01T00:00:00+01:00,2004-12-31T00:00:00+01:00,"Point prevalence (%), alcohol use disorders, 15+ years"
340,17846,RSUD_1,COUNTRY,SVN,EUR,YEAR,Europe,SEX,SEX_MLE,2004,,,,,,,3.45,3.45,,,,2013-06-11T14:15:34+02:00,2004,2004-01-01T00:00:00+01:00,2004-12-31T00:00:00+01:00,"Point prevalence (%), alcohol use disorders, 15+ years"
341,499409,RSUD_1,COUNTRY,IND,SEAR,YEAR,South-East Asia,SEX,SEX_MLE,2004,,,,,,,3.47,3.47,,,,2013-06-11T14:15:34+02:00,2004,2004-01-01T00:00:00+01:00,2004-12-31T00:00:00+01:00,"Point prevalence (%), alcohol use disorders, 15+ years"
342,5424010,RSUD_1,COUNTRY,HRV,EUR,YEAR,Europe,SEX,SEX_MLE,2004,,,,,,,4.88,4.88,,,,2013-06-11T14:15:34+02:00,2004,2004-01-01T00:00:00+01:00,2004-12-31T00:00:00+01:00,"Point prevalence (%), alcohol use disorders, 15+ years"
343,5057809,RSUD_1,COUNTRY,JOR,EMR,YEAR,Eastern Mediterranean,SEX,SEX_FMLE,2004,,,,,,,0.00,0.0,,,,2013-06-11T14:15:34+02:00,2004,2004-01-01T00:00:00+01:00,2004-12-31T00:00:00+01:00,"Point prevalence (%), alcohol use disorders, 15+ years"
344,8080096,RSUD_1,COUNTRY,JOR,EMR,YEAR,Eastern Mediterranean,SEX,SEX_MLE,2004,,,,,,,0.32,0.32,,,,2013-06-11T14:15:34+02:00,2004,2004-01-01T00:00:00+01:00,2004-12-31T00:00:00+01:00,"Point prevalence (%), alcohol use disorders, 15+ years"
345,8213227,RSUD_1,COUNTRY,NOR,EUR,YEAR,Europe,SEX,SEX_MLE,2004,,,,,,,9.05,9.05,,,,2013-06-11T14:15:34+02:00,2004,2004-01-01T00:00:00+01:00,2004-12-31T00:00:00+01:00,"Point prevalence (%), alcohol use disorders, 15+ years"
346,9928260,RSUD_1,COUNTRY,UGA,AFR,YEAR,Africa,SEX,SEX_FMLE,2004,,,,,,,0.36,0.36,,,,2013-06-11T14:15:34+02:00,2004,2004-01-01T00:00:00+01:00,2004-12-31T00:00:00+01:00,"Point prevalence (%), alcohol use disorders, 15+ years"
347,8554709,RSUD_1,COUNTRY,LAO,WPR,YEAR,Western Pacific,SEX,SEX_FMLE,2004,,,,,,,0.28,0.28,,,,2013-06-11T14:15:34+02:00,2004,2004-01-01T00:00:00+01:00,2004-12-31T00:00:00+01:00,"Point prevalence (%), alcohol use disorders, 15+ years"
348,2236691,RSUD_1,COUNTRY,ESP,EUR,YEAR,Europe,SEX,SEX_MLE,2004,,,,,,,1.07,1.07,,,,2013-06-11T14:15:34+02:00,2004,2004-01-01T00:00:00+01:00,2004-12-31T00:00:00+01:00,"Point prevalence (%), alcohol use disorders, 15+ years"
349,2616448,RSUD_1,COUNTRY,MHL,WPR,YEAR,Western Pacific,SEX,SEX_MLE,2004,,,,,,,0.00,0.0,,,,2013-06-11T14:15:34+02:00,2004,2004-01-01T00:00:00+01:00,2004-12-31T00:00:00+01:00,"Point prevalence (%), alcohol use disorders, 15+ years"
350,9042104,RSUD_1,COUNTRY,GMB,AFR,YEAR,Africa,SEX,SEX_MLE,2004,,,,,,,1.03,1.03,,,,2013-06-11T14:15:34+02:00,2004,2004-01-01T00:00:00+01:00,2004-12-31T00:00:00+01:00,"Point prevalence (%), alcohol use disorders, 15+ years"
351,9194506,RSUD_1,COUNTRY,COG,AFR,YEAR,Africa,SEX,SEX_FMLE,2004,,,,,,,0.14,0.14,,,,2013-06-11T14:15:34+02:00,2004,2004-01-01T00:00:00+01:00,2004-12-31T00:00:00+01:00,"Point prevalence (%), alcohol use disorders, 15+ years"
352,18054,RSUD_1,COUNTRY,LBN,EMR,YEAR,Eastern Mediterranean,SEX,SEX_FMLE,2004,,,,,,,0.00,0.0,,,,2013-06-11T14:15:34+02:00,2004,2004-01-01T00:00:00+01:00,2004-12-31T00:00:00+01:00,"Point prevalence (%), alcohol use disorders, 15+ years"
353,9801695,RSUD_1,COUNTRY,DJI,EMR,YEAR,Eastern Mediterranean,SEX,SEX_FMLE,2004,,,,,,,0.08,0.08,,,,2013-06-11T14:15:34+02:00,2004,2004-01-01T00:00:00+01:00,2004-12-31T00:00:00+01:00,"Point prevalence (%), alcohol use disorders, 15+ years"
354,9947423,RSUD_1,COUNTRY,UKR,EUR,YEAR,Europe,SEX,SEX_MLE,2004,,,,,,,8.63,8.63,,,,2013-06-11T14:15:34+02:00,2004,2004-01-01T00:00:00+01:00,2004-12-31T00:00:00+01:00,"Point prevalence (%), alcohol use disorders, 15+ years"
355,8529436,RSUD_1,COUNTRY,KNA,AMR,YEAR,Americas,SEX,SEX_MLE,2004,,,,,,,6.59,6.59,,,,2013-06-11T14:15:34+02:00,2004,2004-01-01T00:00:00+01:00,2004-12-31T00:00:00+01:00,"Point prevalence (%), alcohol use disorders, 15+ years"
356,4405738,RSUD_1,COUNTRY,UZB,EUR,YEAR,Europe,SEX,SEX_MLE,2004,,,,,,,2.10,2.1,,,,2013-06-11T14:15:34+02:00,2004,2004-01-01T00:00:00+01:00,2004-12-31T00:00:00+01:00,"Point prevalence (%), alcohol use disorders, 15+ years"
357,2065848,RSUD_1,COUNTRY,DNK,EUR,YEAR,Europe,SEX,SEX_FMLE,2004,,,,,,,0.98,0.98,,,,2013-06-11T14:15:34+02:00,2004,2004-01-01T00:00:00+01:00,2004-12-31T00:00:00+01:00,"Point prevalence (%), alcohol use disorders, 15+ years"
358,4266643,RSUD_1,COUNTRY,MDA,EUR,YEAR,Europe,SEX,SEX_MLE,2004,,,,,,,14.08,14.08,,,,2013-06-11T14:15:34+02:00,2004,2004-01-01T00:00:00+01:00,2004-12-31T00:00:00+01:00,"Point prevalence (%), alcohol use disorders, 15+ years"
359,3267511,RSUD_1,COUNTRY,TUR,EUR,YEAR,Europe,SEX,SEX_MLE,2004,,,,,,,1.77,1.77,,,,2013-06-11T14:15:34+02:00,2004,2004-01-01T00:00:00+01:00,2004-12-31T00:00:00+01:00,"Point prevalence (%), alcohol use disorders, 15+ years"
360,7116922,RSUD_1,COUNTRY,PHL,WPR,YEAR,Western Pacific,SEX,SEX_FMLE,2004,,,,,,,0.95,0.95,,,,2013-06-11T14:15:34+02:00,2004,2004-01-01T00:00:00+01:00,2004-12-31T00:00:00+01:00,"Point prevalence (%), alcohol use disorders, 15+ years"
361,3090476,RSUD_1,COUNTRY,BRB,AMR,YEAR,Americas,SEX,SEX_FMLE,2004,,,,,,,1.24,1.24,,,,2013-06-11T14:15:34+02:00,2004,2004-01-01T00:00:00+01:00,2004-12-31T00:00:00+01:00,"Point prevalence (%), alcohol use disorders, 15+ years"
362,7839502,RSUD_1,COUNTRY,SAU,EMR,YEAR,Eastern Mediterranean,SEX,SEX_FMLE,2004,,,,,,,0.00,0.0,,,,2013-06-11T14:15:34+02:00,2004,2004-01-01T00:00:00+01:00,2004-12-31T00:00:00+01:00,"Point prevalence (%), alcohol use disorders, 15+ years"
363,5247689,RSUD_1,COUNTRY,NER,AFR,YEAR,Africa,SEX,SEX_FMLE,2004,,,,,,,0.01,0.01,,,,2013-06-11T14:15:34+02:00,2004,2004-01-01T00:00:00+01:00,2004-12-31T00:00:00+01:00,"Point prevalence (%), alcohol use disorders, 15+ years"
364,5779568,RSUD_1,COUNTRY,EGY,EMR,YEAR,Eastern Mediterranean,SEX,SEX_MLE,2004,,,,,,,0.44,0.44,,,,2013-06-11T14:15:34+02:00,2004,2004-01-01T00:00:00+01:00,2004-12-31T00:00:00+01:00,"Point prevalence (%), alcohol use disorders, 15+ years"
365,1011000,RSUD_1,COUNTRY,SEN,AFR,YEAR,Africa,SEX,SEX_FMLE,2004,,,,,,,0.06,0.06,,,,2013-06-11T14:15:34+02:00,2004,2004-01-01T00:00:00+01:00,2004-12-31T00:00:00+01:00,"Point prevalence (%), alcohol use disorders, 15+ years"
366,2894342,RSUD_1,COUNTRY,COG,AFR,YEAR,Africa,SEX,SEX_MLE,2004,,,,,,,1.29,1.29,,,,2013-06-11T14:15:34+02:00,2004,2004-01-01T00:00:00+01:00,2004-12-31T00:00:00+01:00,"Point prevalence (%), alcohol use disorders, 15+ years"
367,3413287,RSUD_1,COUNTRY,NAM,AFR,YEAR,Africa,SEX,SEX_FMLE,2004,,,,,,,0.19,0.19,,,,2013-06-11T14:15:34+02:00,2004,2004-01-01T00:00:00+01:00,2004-12-31T00:00:00+01:00,"Point prevalence (%), alcohol use disorders, 15+ years"
368,6907785,RSUD_1,COUNTRY,TUN,EMR,YEAR,Eastern Mediterranean,SEX,SEX_FMLE,2004,,,,,,,0.00,0.0,,,,2013-06-11T14:15:34+02:00,2004,2004-01-01T00:00:00+01:00,2004-12-31T00:00:00+01:00,"Point prevalence (%), alcohol use disorders, 15+ years"
369,6793523,RSUD_1,COUNTRY,JPN,WPR,YEAR,Western Pacific,SEX,SEX_FMLE,2004,,,,,,,0.13,0.13,,,,2013-06-11T14:15:34+02:00,2004,2004-01-01T00:00:00+01:00,2004-12-31T00:00:00+01:00,"Point prevalence (%), alcohol use disorders, 15+ years"
370,10093224,RSUD_1,COUNTRY,GUY,AMR,YEAR,Americas,SEX,SEX_MLE,2004,,,,,,,5.60,5.6,,,,2013-06-11T14:15:34+02:00,2004,2004-01-01T00:00:00+01:00,2004-12-31T00:00:00+01:00,"Point prevalence (%), alcohol use disorders, 15+ years"
371,7446743,RSUD_1,COUNTRY,VEN,AMR,YEAR,Americas,SEX,SEX_FMLE,2004,,,,,,,1.44,1.44,,,,2013-06-11T14:15:34+02:00,2004,2004-01-01T00:00:00+01:00,2004-12-31T00:00:00+01:00,"Point prevalence (%), alcohol use disorders, 15+ years"
372,5191106,RSUD_1,COUNTRY,COK,WPR,YEAR,Western Pacific,SEX,SEX_FMLE,2004,,,,,,,0.11,0.11,,,,2013-06-11T14:15:34+02:00,2004,2004-01-01T00:00:00+01:00,2004-12-31T00:00:00+01:00,"Point prevalence (%), alcohol use disorders, 15+ years"
373,3640803,RSUD_1,COUNTRY,MLI,AFR,YEAR,Africa,SEX,SEX_MLE,2004,,,,,,,0.28,0.28,,,,2013-06-11T14:15:34+02:00,2004,2004-01-01T00:00:00+01:00,2004-12-31T00:00:00+01:00,"Point prevalence (%), alcohol use disorders, 15+ years"
374,7706476,RSUD_1,COUNTRY,BWA,AFR,YEAR,Africa,SEX,SEX_FMLE,2004,,,,,,,0.19,0.19,,,,2013-06-11T14:15:34+02:00,2004,2004-01-01T00:00:00+01:00,2004-12-31T00:00:00+01:00,"Point prevalence (%), alcohol use disorders, 15+ years"
375,4799184,RSUD_1,COUNTRY,URY,AMR,YEAR,Americas,SEX,SEX_FMLE,2004,,,,,,,1.50,1.5,,,,2013-06-11T14:15:34+02:00,2004,2004-01-01T00:00:00+01:00,2004-12-31T00:00:00+01:00,"Point prevalence (%), alcohol use disorders, 15+ years"
376,6686028,RSUD_1,COUNTRY,GTM,AMR,YEAR,Americas,SEX,SEX_MLE,2004,,,,,,,3.82,3.82,,,,2013-06-11T14:15:34+02:00,2004,2004-01-01T00:00:00+01:00,2004-12-31T00:00:00+01:00,"Point prevalence (%), alcohol use disorders, 15+ years"
377,9878012,RSUD_1,COUNTRY,ITA,EUR,YEAR,Europe,SEX,SEX_MLE,2004,,,,,,,0.50,0.5,,,,2013-06-11T14:15:34+02:00,2004,2004-01-01T00:00:00+01:00,2004-12-31T00:00:00+01:00,"Point prevalence (%), alcohol use disorders, 15+ years"
378,9188565,RSUD_1,COUNTRY,AUT,EUR,YEAR,Europe,SEX,SEX_FMLE,2004,,,,,,,0.90,0.9,,,,2013-06-11T14:15:34+02:00,2004,2004-01-01T00:00:00+01:00,2004-12-31T00:00:00+01:00,"Point prevalence (%), alcohol use disorders, 15+ years"
379,6324848,RSUD_1,COUNTRY,GMB,AFR,YEAR,Africa,SEX,SEX_FMLE,2004,,,,,,,0.12,0.12,,,,2013-06-11T14:15:34+02:00,2004,2004-01-01T00:00:00+01:00,2004-12-31T00:00:00+01:00,"Point prevalence (%), alcohol use disorders, 15+ years"
380,809211,RSUD_1,COUNTRY,AUT,EUR,YEAR,Europe,SEX,SEX_MLE,2004,,,,,,,3.88,3.88,,,,2013-06-11T14:15:34+02:00,2004,2004-01-01T00:00:00+01:00,2004-12-31T00:00:00+01:00,"Point prevalence (%), alcohol use disorders, 15+ years"
381,1568101,RSUD_1,COUNTRY,KOR,WPR,YEAR,Western Pacific,SEX,SEX_FMLE,2004,,,,,,,0.41,0.41,,,,2013-06-11T14:15:34+02:00,2004,2004-01-01T00:00:00+01:00,2004-12-31T00:00:00+01:00,"Point prevalence (%), alcohol use disorders, 15+ years"
